delay,freq,condition,thisN,thisTrialN,thisRepN,key_resp.keys,key_resp.rt,key_resp.duration,textbox.text,button.numClicks,button.timesOn,button.timesOff,trials.thisRepN,trials.thisTrialN,trials.thisN,trials.thisIndex,thisRow.t,notes,trial.started,polygon.started,polygon_2.started,key_resp.started,polygon.stopped,trial.stopped,trials.key_resp.keys,trials.key_resp.rt,trials.key_resp.duration,beep.started,sound_1.started,sound_1.stopped,beep.stopped,response.started,text.started,textbox.started,button.started,response.stopped,trials.textbox.text,trials.button.numClicks,trials.button.timesOn,trials.button.timesOff,participant,session,date,expName,expVersion,psychopyVersion,frameRate,expStart,,,,,,,,,,,,,,,,,,,
0.7,1000,exp,0,0,0,space,0.6951089,None,300,1,[2.752301099942997],[2.7523141999263316],0,0,0,8,0.0481732,,0.0334261,0.0481732,0.9992494,0.9992494,1.049063,1.7075695,space,0.6951089,None,1.7085048,2.415517767,2.7310323,2.7158863,2.7169915,2.7310323,2.7310323,2.7310323,5.4837704,300,1,[2.752301099942997],[2.7523141999263316],paricipant 1,1,2025-11-11_19h03.31.385,intentional binding,,2025.1.1,59.70780197,2025-11-11 19h03.44.965161 +0530,,,,,,,,,,,,,,,,,,233.973064,average of expected
0.1,1000,exp,1,1,0,space,0.403375,None,200,1,[2.3828566001029685],[2.3828693000832573],0,1,1,9,5.4969607,,5.4841318,5.4969607,6.4971051,6.4971051,6.4971051,6.916519,space,0.403375,None,6.9176593,7.030513067,7.3460912,7.3251616,7.3258886,7.3460912,7.3460912,7.3460912,9.7293809,200,1,[2.3828566001029685],[2.3828693000832573],paricipant 1,1,2025-11-11_19h03.31.385,intentional binding,,2025.1.1,59.70780197,2025-11-11 19h03.44.965161 +0530,,,,,,,,,,,,,,,,,,256.4646465,average of unexpected
0.7,1000,exp,2,2,0,space,0.3693077,None,450,1,[2.1360554000129923],[2.1360654999734834],0,2,2,5,9.7455219,,9.7296812,9.7455219,10.745104,10.745104,10.745104,11.1291062,space,0.3693077,None,11.1302127,11.82933567,12.1432308,12.1249181,12.1258107,12.1432308,12.1432308,12.1432308,14.2796648,450,1,[2.1360554000129923],[2.1360654999734834],paricipant 1,1,2025-11-11_19h03.31.385,intentional binding,,2025.1.1,59.70780197,2025-11-11 19h03.44.965161 +0530,,,,,,,,,,,,,,,,,,,
0.4,1000,exp,3,3,0,space,0.4750082,None,230,1,[2.801697500050068],[2.8017100000288337],0,3,3,4,14.293618,,14.2799374,14.293618,15.293805,15.293805,15.293805,15.7779227,space,0.4750082,None,15.7787859,16.17752157,16.4917266,16.4743135,16.4755651,16.4917266,16.4917266,16.4917266,19.2937907,230,1,[2.801697500050068],[2.8017100000288337],paricipant 1,1,2025-11-11_19h03.31.385,intentional binding,,2025.1.1,59.70780197,2025-11-11 19h03.44.965161 +0530,,,,,,,,,,,,,,,,,,-22.49158249,difference
0.7,1000,exp,4,4,0,space,0.4269413,None,350,1,[2.400325099937618],[2.400335200014524],0,4,4,11,19.3075056,,19.2940523,19.3075056,20.3081187,20.3081187,20.3081187,20.7418651,space,0.4269413,None,20.7433019,21.44152917,21.7561257,21.7349833,21.735634,21.7561257,21.7561257,21.7561257,24.1568128,350,1,[2.400325099937618],[2.400335200014524],paricipant 1,1,2025-11-11_19h03.31.385,intentional binding,,2025.1.1,59.70780197,2025-11-11 19h03.44.965161 +0530,,,,,,,,,,,,,,,,,,,
0.1,400,unexp,5,5,0,space,0.4278847,None,200,1,[4.69854520005174],[4.698560200049542],0,5,5,0,24.172496,,24.157132,24.172496,25.1571798,25.1571798,25.1728398,25.5900069,space,0.4278847,None,25.5912282,25.69042797,26.0051175,25.9899059,25.9907614,26.0051175,26.0051175,26.0051175,30.7041502,200,1,[4.69854520005174],[4.698560200049542],paricipant 1,1,2025-11-11_19h03.31.385,intentional binding,,2025.1.1,59.70780197,2025-11-11 19h03.44.965161 +0530,,,,,,,,,,,,,,,,,,,
0.7,400,unexp,6,6,0,space,0.6290965,None,150,1,[3.433131300029345],[3.4331497999373823],0,6,6,2,30.7201528,,30.7045237,30.7201528,31.7207872,31.7207872,31.7207872,32.3549075,space,0.6290965,None,32.356174,33.06961207,33.4013839,33.3709529,33.3717011,33.4013839,33.4013839,33.4013839,36.8350576,150,1,[3.433131300029345],[3.4331497999373823],paricipant 1,1,2025-11-11_19h03.31.385,intentional binding,,2025.1.1,59.70780197,2025-11-11 19h03.44.965161 +0530,,,,,,,,,,,,,,,,,,,
0.4,1000,exp,7,7,0,space,0.3804016,None,250,1,[4.065287099918351],[4.065298600005917],0,7,7,7,36.8500564,,36.8354509,36.8500564,37.8349217,37.8349217,37.8523284,38.2189939,space,0.3804016,None,38.2200713,38.63482557,38.9661886,38.9379788,38.9386449,38.9661886,38.9661886,38.9661886,43.0319131,250,1,[4.065287099918351],[4.065298600005917],paricipant 1,1,2025-11-11_19h03.31.385,intentional binding,,2025.1.1,59.70780197,2025-11-11 19h03.44.965161 +0530,,,,,,,,,,,,,,,,,,,
0.1,1000,exp,8,8,0,space,0.4297952,None,100,1,[2.4010784999700263],[2.401093899970874],0,8,8,6,43.0481792,,43.0322059,43.0481792,44.0486769,44.0486769,44.0486769,44.4834842,space,0.4297952,None,44.4848504,44.59882017,44.913528,44.8987398,44.8996475,44.913528,44.913528,44.913528,47.3151467,100,1,[2.4010784999700263],[2.401093899970874],paricipant 1,1,2025-11-11_19h03.31.385,intentional binding,,2025.1.1,59.70780197,2025-11-11 19h03.44.965161 +0530,,,,,,,,,,,,,,,,,,,
0.4,400,unexp,9,9,0,space,1.1563525,None,250,1,[3.117270499933511],[3.117283600033261],0,9,9,1,47.3288743,,47.3155623,47.3288743,48.3314444,48.3314444,48.3314444,49.4966047,space,1.1563525,None,49.4977278,49.91298677,50.2271821,50.2075689,50.2085207,50.2271821,50.2271821,50.2271821,53.3448951,250,1,[3.117270499933511],[3.117283600033261],paricipant 1,1,2025-11-11_19h03.31.385,intentional binding,,2025.1.1,59.70780197,2025-11-11 19h03.44.965161 +0530,,,,,,,,,,,,,,,,,,,
0.1,1000,exp,10,10,0,space,0.4961742,None,150,1,[3.050783999962732],[3.0508016999810934],0,10,10,3,53.3599337,,53.3452328,53.3599337,54.3600605,54.3600605,54.3600605,54.8615826,space,0.4961742,None,54.8630337,54.97662987,55.2916102,55.2763986,55.2770372,55.2916102,55.2916102,55.2916102,58.3429214,150,1,[3.050783999962732],[3.0508016999810934],paricipant 1,1,2025-11-11_19h03.31.385,intentional binding,,2025.1.1,59.70780197,2025-11-11 19h03.44.965161 +0530,,,,,,,,,,,,,,,,,,,
0.4,1000,exp,11,11,0,space,0.4636137,None,200,1,[2.9660206000553444],[2.9660351000493392],0,11,11,10,58.3573504,,58.3433554,58.3573504,59.3591729,59.3591729,59.3591729,59.8268211,space,0.4636137,None,59.8282227,60.24132987,60.5563939,60.5385179,60.5392817,60.5563939,60.5563939,60.5563939,63.5228964,200,1,[2.9660206000553444],[2.9660351000493392],paricipant 1,1,2025-11-11_19h03.31.385,intentional binding,,2025.1.1,59.70780197,2025-11-11 19h03.44.965161 +0530,,,,,,,,,,,,,,,,,,,
0.4,400,unexp,12,0,1,space,0.382227,None,300,1,[1.9344439000124112],[1.934452599962242],1,0,12,1,63.5387002,,63.5232799,63.5387002,64.5226444,64.5226444,64.5388052,64.907766,space,0.382227,None,64.9090582,65.32216747,65.6365661,65.6234392,65.6242249,65.6365661,65.6365661,65.6365661,67.5713231,300,1,[1.9344439000124112],[1.934452599962242],paricipant 1,1,2025-11-11_19h03.31.385,intentional binding,,2025.1.1,59.70780197,2025-11-11 19h03.44.965161 +0530,,,,,,,,,,,,,,,,,,,
0.1,1000,exp,13,1,1,space,0.423683,None,150,1,[2.233695900067687],[2.233710700063966],1,1,13,9,67.5876091,,67.5715867,67.5876091,68.571517,68.571517,68.588056,69.0046562,space,0.423683,None,69.0056194,69.10493787,69.4365876,69.4065598,69.4072058,69.4365876,69.4365876,69.4365876,71.6707685,150,1,[2.233695900067687],[2.233710700063966],paricipant 1,1,2025-11-11_19h03.31.385,intentional binding,,2025.1.1,59.70780197,2025-11-11 19h03.44.965161 +0530,,,,,,,,,,,,,,,,,,,
0.7,1000,exp,14,2,1,space,1.1195897,None,500,1,[2.186567800003104],[2.186583200003952],1,2,14,5,71.6851228,,71.671096,71.6851228,72.6862445,72.6862445,72.6862445,73.8194903,space,1.1195897,None,73.8209409,74.51857897,74.8326507,74.8161313,74.8169967,74.8326507,74.8326507,74.8326507,77.019679,500,1,[2.186567800003104],[2.186583200003952],paricipant 1,1,2025-11-11_19h03.31.385,intentional binding,,2025.1.1,59.70780197,2025-11-11 19h03.44.965161 +0530,,,,,,,,,,,,,,,,,,,
0.4,1000,exp,15,3,1,space,0.4294658,None,300,1,[25.272289899992757],[25.27230700000655],1,3,15,7,77.0332599,,77.0200917,77.0332599,78.0336417,78.0336417,78.0336417,78.4680746,space,0.4294658,None,78.4693985,78.86831827,79.1829633,79.1664519,79.1671082,79.1829633,79.1829633,79.1829633,104.4558218,300,1,[25.272289899992757],[25.27230700000655],paricipant 1,1,2025-11-11_19h03.31.385,intentional binding,,2025.1.1,59.70780197,2025-11-11 19h03.44.965161 +0530,,,,,,,,,,,,,,,,,,,
0.1,400,unexp,16,4,1,space,0.7279207,None,230,1,[2.8519183000316843],[2.8519331000279635],1,4,16,0,104.4716761,,104.4562345,104.4716761,105.4565563,105.4565563,105.4718142,106.1890742,space,0.7279207,None,106.1901754,106.2881445,106.6029416,106.5871843,106.5877422,106.6029416,106.6029416,106.6029416,109.4553794,230,1,[2.8519183000316843],[2.8519331000279635],paricipant 1,1,2025-11-11_19h03.31.385,intentional binding,,2025.1.1,59.70780197,2025-11-11 19h03.44.965161 +0530,,,,,,,,,,,,,,,,,,,
0.7,1000,exp,17,5,1,space,0.3132855,None,500,1,[2.3352357000112534],[2.3352486999938264],1,5,17,8,109.4693125,,109.4557863,109.4693125,110.4699734,110.4699734,110.4699734,110.7885725,space,0.3132855,None,110.7897255,111.5065472,111.8342748,111.8034328,111.8041394,111.8342748,111.8342748,111.8342748,114.1700924,500,1,[2.3352357000112534],[2.3352486999938264],paricipant 1,1,2025-11-11_19h03.31.385,intentional binding,,2025.1.1,59.70780197,2025-11-11 19h03.44.965161 +0530,,,,,,,,,,,,,,,,,,,
0.4,1000,exp,18,6,1,space,0.3617395,None,340,1,[4.04848390002735],[4.048498700023629],1,6,18,4,114.1837942,,114.1705646,114.1837942,115.1847362,115.1847362,115.1847362,115.551327,space,0.3617395,None,115.5528117,115.9680801,116.3002696,116.2828931,116.2835416,116.3002696,116.3002696,116.3002696,120.3493704,340,1,[4.04848390002735],[4.048498700023629],paricipant 1,1,2025-11-11_19h03.31.385,intentional binding,,2025.1.1,59.70780197,2025-11-11 19h03.44.965161 +0530,,,,,,,,,,,,,,,,,,,
0.4,1000,exp,19,7,1,space,0.4691581,None,200,1,[4.201529300073162],[4.201544300070964],1,7,19,10,120.3652334,,120.3498989,120.3652334,121.3651289,121.3651289,121.3651289,121.8482109,space,0.4691581,None,121.849193,122.2480755,122.5627968,122.5475096,122.5482662,122.5627968,122.5627968,122.5627968,126.764814,200,1,[4.201529300073162],[4.201544300070964],paricipant 1,1,2025-11-11_19h03.31.385,intentional binding,,2025.1.1,59.70780197,2025-11-11 19h03.44.965161 +0530,,,,,,,,,,,,,,,,,,,
0.7,400,unexp,20,8,1,space,0.5834827,None,400,1,[2.9844743999419734],[2.984489299939014],1,8,20,2,126.7782377,,126.7652093,126.7782377,127.7782884,127.7782884,127.7782884,128.3638868,space,0.5834827,None,128.364984,129.0777913,129.3927105,129.3772534,129.3781991,129.3927105,129.3927105,129.3927105,132.3776748,400,1,[2.9844743999419734],[2.984489299939014],paricipant 1,1,2025-11-11_19h03.31.385,intentional binding,,2025.1.1,59.70780197,2025-11-11 19h03.44.965161 +0530,,,,,,,,,,,,,,,,,,,
0.1,1000,exp,21,9,1,space,0.5466363,None,120,1,[3.550791100016795],[3.5508055000100285],1,9,21,3,132.3928863,,132.3780582,132.3928863,133.3929512,133.3929512,133.3929512,133.9446133,space,0.5466363,None,133.9457869,134.0593504,134.3742875,134.3571229,134.3580113,134.3742875,134.3742875,134.3742875,137.9256472,120,1,[3.550791100016795],[3.5508055000100285],paricipant 1,1,2025-11-11_19h03.31.385,intentional binding,,2025.1.1,59.70780197,2025-11-11 19h03.44.965161 +0530,,,,,,,,,,,,,,,,,,,
0.1,1000,exp,22,10,1,space,0.3358275,None,100,1,[3.715245099971071],[3.7152570999460295],1,10,22,6,137.9405079,,137.9259784,137.9405079,138.9236531,138.9236531,138.9403527,139.2746479,space,0.3358275,None,139.2763101,139.3750177,139.7065574,139.6893592,139.6901184,139.7065574,139.7065574,139.7065574,143.4223373,100,1,[3.715245099971071],[3.7152570999460295],paricipant 1,1,2025-11-11_19h03.31.385,intentional binding,,2025.1.1,59.70780197,2025-11-11 19h03.44.965161 +0530,,,,,,,,,,,,,,,,,,,
0.7,1000,exp,23,11,1,space,0.2852837,None,300,1,[2.284800700028427],[2.28481440001633],1,11,23,11,143.4372563,,143.4226799,143.4372563,144.4213001,144.4213001,144.4379645,144.7219158,space,0.2852837,None,144.7231065,145.4218754,145.7358549,145.7175638,145.7185018,145.7358549,145.7358549,145.7358549,148.0211446,300,1,[2.284800700028427],[2.28481440001633],paricipant 1,1,2025-11-11_19h03.31.385,intentional binding,,2025.1.1,59.70780197,2025-11-11 19h03.44.965161 +0530,,,,,,,,,,,,,,,,,,,
0.7,1000,exp,24,0,2,space,0.5001815,None,200,1,[2.6489855999825522],[2.6490037000039592],2,0,24,8,148.0356003,,148.0214871,148.0356003,149.0365238,149.0365238,149.0365238,149.5381737,space,0.5001815,None,149.5392549,150.2535157,150.5851808,150.5673818,150.5680982,150.5851808,150.5851808,150.5851808,153.2346638,200,1,[2.6489855999825522],[2.6490037000039592],paricipant 1,1,2025-11-11_19h03.31.385,intentional binding,,2025.1.1,59.70780197,2025-11-11 19h03.44.965161 +0530,,,,,,,,,,,,,,,,,,,
0.4,1000,exp,25,1,2,space,2.8196249,None,150,1,[3.3837801000336185],[3.383793900022283],2,1,25,10,153.2504833,,153.235063,153.2504833,154.2338713,154.2338713,154.2497596,157.0660162,space,2.8196249,None,157.0670461,157.4823961,157.7973559,157.7836894,157.7842808,157.7973559,157.7973559,157.7973559,161.1815688,150,1,[3.3837801000336185],[3.383793900022283],paricipant 1,1,2025-11-11_19h03.31.385,intentional binding,,2025.1.1,59.70780197,2025-11-11 19h03.44.965161 +0530,,,,,,,,,,,,,,,,,,,
0.7,1000,exp,26,2,2,space,2.4046018,None,350,1,[4.350237200036645],[4.350247700000182],2,2,26,5,161.1965396,,161.181887,161.1965396,162.180149,162.180149,162.1961432,164.5854439,space,2.4046018,None,164.5866539,165.2954884,165.6112646,165.5942927,165.5949149,165.6112646,165.6112646,165.6112646,169.9618844,350,1,[4.350237200036645],[4.350247700000182],paricipant 1,1,2025-11-11_19h03.31.385,intentional binding,,2025.1.1,59.70780197,2025-11-11 19h03.44.965161 +0530,,,,,,,,,,,,,,,,,,,
0.4,400,unexp,27,3,2,space,79.4576131,None,300,1,[2.567370199947618],[2.567384699941613],2,3,27,1,169.9763116,,169.9621798,169.9763116,170.9790621,170.9790621,170.9790621,250.4426421,space,79.4576131,None,250.443556,250.8424766,251.1572927,251.1373882,251.1384606,251.1572927,251.1572927,251.1572927,253.7251513,300,1,[2.567370199947618],[2.567384699941613],paricipant 1,1,2025-11-11_19h03.31.385,intentional binding,,2025.1.1,59.70780197,2025-11-11 19h03.44.965161 +0530,,,,,,,,,,,,,,,,,,,
0.7,400,unexp,28,4,2,space,0.2530701,None,500,1,[2.0999070999678224],[2.0999222999671474],2,4,28,2,253.7405225,,253.7255332,253.7405225,254.7402571,254.7402571,254.7402571,255.0079017,space,0.2530701,None,255.0089428,255.7252099,256.0562032,256.0380706,256.0387263,256.0562032,256.0562032,256.0562032,258.1566022,500,1,[2.0999070999678224],[2.0999222999671474],paricipant 1,1,2025-11-11_19h03.31.385,intentional binding,,2025.1.1,59.70780197,2025-11-11 19h03.44.965161 +0530,,,,,,,,,,,,,,,,,,,
0.1,1000,exp,29,5,2,space,0.5177011,None,120,1,[2.3675596000393853],[2.3675740000326186],2,5,29,6,258.1720271,,258.1569409,258.1720271,259.1558806,259.1558806,259.1713305,259.6748187,space,0.5177011,None,259.6758803,259.7878848,260.1033758,260.0835239,260.0841516,260.1033758,260.1033758,260.1033758,262.4715156,120,1,[2.3675596000393853],[2.3675740000326186],paricipant 1,1,2025-11-11_19h03.31.385,intentional binding,,2025.1.1,59.70780197,2025-11-11 19h03.44.965161 +0530,,,,,,,,,,,,,,,,,,,
0.4,1000,exp,30,6,2,space,0.2899866,None,250,1,[2.753441800014116],[2.753456100006588],2,6,30,4,262.4872843,,262.4719138,262.4872843,263.4704859,263.4704859,263.4866726,263.7702541,space,0.2899866,None,263.7712968,264.1706177,264.4841095,264.4660892,264.4670998,264.4841095,264.4841095,264.4841095,267.2380374,250,1,[2.753441800014116],[2.753456100006588],paricipant 1,1,2025-11-11_19h03.31.385,intentional binding,,2025.1.1,59.70780197,2025-11-11 19h03.44.965161 +0530,,,,,,,,,,,,,,,,,,,
0.4,1000,exp,31,7,2,space,0.3795049,None,300,1,[2.7995373000157997],[2.7995520000113174],2,7,31,7,267.2512147,,267.2384028,267.2512147,268.2555711,268.2555711,268.2555711,268.6362597,space,0.3795049,None,268.6373033,269.0515902,269.3669815,269.3506514,269.3512956,269.3669815,269.3669815,269.3669815,272.1670172,300,1,[2.7995373000157997],[2.7995520000113174],paricipant 1,1,2025-11-11_19h03.31.385,intentional binding,,2025.1.1,59.70780197,2025-11-11 19h03.44.965161 +0530,,,,,,,,,,,,,,,,,,,
0.1,1000,exp,32,8,2,space,0.4638391,None,100,1,[2.267250199918635],[2.267268499941565],2,8,32,9,272.1822234,,272.1674087,272.1822234,273.166369,273.166369,273.1825992,273.6339542,space,0.4638391,None,273.634974,273.7343391,274.0640514,274.036037,274.0367444,274.0640514,274.0640514,274.0640514,276.3318541,100,1,[2.267250199918635],[2.267268499941565],paricipant 1,1,2025-11-11_19h03.31.385,intentional binding,,2025.1.1,59.70780197,2025-11-11 19h03.44.965161 +0530,,,,,,,,,,,,,,,,,,,
0.1,1000,exp,33,9,2,space,0.3730945,None,100,1,[1.7339777000015602],[1.7339904999826103],2,9,33,3,276.3474715,,276.3325509,276.3474715,277.3309574,277.3309574,277.3475514,277.7159439,space,0.3730945,None,277.7173021,277.8316942,278.1623197,278.1347313,278.13533,278.1623197,278.1623197,278.1623197,279.8967643,100,1,[1.7339777000015602],[1.7339904999826103],paricipant 1,1,2025-11-11_19h03.31.385,intentional binding,,2025.1.1,59.70780197,2025-11-11 19h03.44.965161 +0530,,,,,,,,,,,,,,,,,,,
0.1,400,unexp,34,10,2,space,0.2912466,None,200,1,[2.084713999996893],[2.084728499990888],2,10,34,0,279.9124026,,279.8973412,279.9124026,280.8963706,280.8963706,280.9132876,281.1964679,space,0.2912466,None,281.1973495,281.2957482,281.6104533,281.5963501,281.5969942,281.6104533,281.6104533,281.6104533,283.6957157,200,1,[2.084713999996893],[2.084728499990888],paricipant 1,1,2025-11-11_19h03.31.385,intentional binding,,2025.1.1,59.70780197,2025-11-11 19h03.44.965161 +0530,,,,,,,,,,,,,,,,,,,
0.7,1000,exp,35,11,2,space,0.335386,None,300,1,[3.0688673000549898],[3.068880600039847],2,11,35,11,283.710895,,283.6960428,283.710895,284.7104791,284.7104791,284.7104791,285.061236,space,0.335386,None,285.0626893,285.760503,286.0755983,286.0578397,286.0589028,286.0755983,286.0755983,286.0755983,289.1449683,300,1,[3.0688673000549898],[3.068880600039847],paricipant 1,1,2025-11-11_19h03.31.385,intentional binding,,2025.1.1,59.70780197,2025-11-11 19h03.44.965161 +0530,,,,,,,,,,,,,,,,,,,
0.4,1000,exp,36,0,3,space,0.2729646,None,100,1,[1.7846734001068398],[1.7846872000955045],3,0,36,10,289.1614846,,289.1453088,289.1614846,290.1584235,290.1584235,290.1765719,290.4425739,space,0.2729646,None,290.4438246,290.842059,291.1568451,291.1405097,291.1412025,291.1568451,291.1568451,291.1568451,292.9419422,100,1,[1.7846734001068398],[1.7846872000955045],paricipant 1,1,2025-11-11_19h03.31.385,intentional binding,,2025.1.1,59.70780197,2025-11-11 19h03.44.965161 +0530,,,,,,,,,,,,,,,,,,,
0.7,1000,exp,37,1,3,space,0.4849273,None,200,1,[2.3354806000133976],[2.3354965000180528],3,1,37,5,292.9564429,,292.9424192,292.9564429,293.9577307,293.9577307,293.9577307,294.457816,space,0.4849273,None,294.4588614,295.1734805,295.4874776,295.4731318,295.4736994,295.4874776,295.4874776,295.4874776,297.8235054,200,1,[2.3354806000133976],[2.3354965000180528],paricipant 1,1,2025-11-11_19h03.31.385,intentional binding,,2025.1.1,59.70780197,2025-11-11 19h03.44.965161 +0530,,,,,,,,,,,,,,,,,,,
0.4,400,unexp,38,2,3,space,0.3569836,None,350,1,[4.134311400004663],[4.134328700019978],3,2,38,1,297.8390161,,297.8238549,297.8390161,298.8216771,298.8216771,298.8389391,299.1885516,space,0.3569836,None,299.1896602,299.5877416,299.9028118,299.886039,299.887201,299.9028118,299.9028118,299.9028118,304.0376927,350,1,[4.134311400004663],[4.134328700019978],paricipant 1,1,2025-11-11_19h03.31.385,intentional binding,,2025.1.1,59.70780197,2025-11-11 19h03.44.965161 +0530,,,,,,,,,,,,,,,,,,,
0.4,1000,exp,39,3,3,space,0.6106022,None,250,1,[2.5172287999885157],[2.517241399968043],3,3,39,4,304.052091,,304.0380683,304.052091,305.0539002,305.0539002,305.0539002,305.6693611,space,0.6106022,None,305.6704566,306.0684791,306.3829561,306.3682757,306.3689588,306.3829561,306.3829561,306.3829561,308.9005595,250,1,[2.5172287999885157],[2.517241399968043],paricipant 1,1,2025-11-11_19h03.31.385,intentional binding,,2025.1.1,59.70780197,2025-11-11 19h03.44.965161 +0530,,,,,,,,,,,,,,,,,,,
0.7,1000,exp,40,4,3,space,7.4429241,None,400,1,[2.017214999999851],[2.0172330999048427],3,4,40,8,308.9166242,,308.9008288,308.9166242,309.9000144,309.9000144,309.9194061,317.3481114,space,7.4429241,None,317.3493544,318.0647333,318.3952888,318.368684,318.369256,318.3952888,318.3952888,318.3952888,320.4130577,400,1,[2.017214999999851],[2.0172330999048427],paricipant 1,1,2025-11-11_19h03.31.385,intentional binding,,2025.1.1,59.70780197,2025-11-11 19h03.44.965161 +0530,,,,,,,,,,,,,,,,,,,
0.4,1000,exp,41,5,3,space,13.3981587,None,250,1,[2.9825333000626415],[2.982549100066535],3,5,41,7,320.4278125,,320.4134255,320.4278125,321.4286761,321.4286761,321.4286761,334.8400751,space,13.3981587,None,334.8411405,335.239597,335.5554301,335.538945,335.5396635,335.5554301,335.5554301,335.5554301,338.5385122,250,1,[2.9825333000626415],[2.982549100066535],paricipant 1,1,2025-11-11_19h03.31.385,intentional binding,,2025.1.1,59.70780197,2025-11-11 19h03.44.965161 +0530,,,,,,,,,,,,,,,,,,,
0.1,1000,exp,42,6,3,space,0.3480033,None,150,1,[2.8024980999762192],[2.80251369997859],3,6,42,6,338.5539241,,338.5389092,338.5539241,339.5373203,339.5373203,339.5547236,339.8894932,space,0.3480033,None,339.8909004,340.0048967,340.3360355,340.3045308,340.30518,340.3360355,340.3360355,340.3360355,343.1390597,150,1,[2.8024980999762192],[2.80251369997859],paricipant 1,1,2025-11-11_19h03.31.385,intentional binding,,2025.1.1,59.70780197,2025-11-11 19h03.44.965161 +0530,,,,,,,,,,,,,,,,,,,
0.7,400,unexp,43,7,3,space,0.3172088,None,300,1,[1.969939099973999],[1.969952999963425],3,7,43,2,343.151203,,343.1394406,343.151203,344.1525537,344.1525537,344.1525537,344.4857717,space,0.3172088,None,344.4868891,345.2020554,345.5328427,345.5048558,345.5054084,345.5328427,345.5328427,345.5328427,347.5032153,300,1,[1.969939099973999],[1.969952999963425],paricipant 1,1,2025-11-11_19h03.31.385,intentional binding,,2025.1.1,59.70780197,2025-11-11 19h03.44.965161 +0530,,,,,,,,,,,,,,,,,,,
0.1,1000,exp,44,8,3,space,0.4789299,None,250,1,[2.46593289996963],[2.46594429994002],3,8,44,9,347.5169533,,347.5035013,347.5169533,348.5168802,348.5168802,348.5168802,349.0008327,space,0.4789299,None,349.0020174,349.1161133,349.4479332,349.417404,349.4180087,349.4479332,349.4479332,349.4479332,351.9142713,250,1,[2.46593289996963],[2.46594429994002],paricipant 1,1,2025-11-11_19h03.31.385,intentional binding,,2025.1.1,59.70780197,2025-11-11 19h03.44.965161 +0530,,,,,,,,,,,,,,,,,,,
0.1,400,unexp,45,9,3,space,0.5731441,None,200,1,[2.1523273000493646],[2.152337900013663],3,9,45,0,351.9312068,,351.9145725,351.9312068,352.9154395,352.9154395,352.9311997,353.49827,space,0.5731441,None,353.4992185,353.6137046,353.9292205,353.9159891,353.9164721,353.9292205,353.9292205,353.9292205,356.0818867,200,1,[2.1523273000493646],[2.152337900013663],paricipant 1,1,2025-11-11_19h03.31.385,intentional binding,,2025.1.1,59.70780197,2025-11-11 19h03.44.965161 +0530,,,,,,,,,,,,,,,,,,,
0.1,1000,exp,46,10,3,space,0.3925128,None,100,1,[2.1699691000394523],[2.169986000051722],3,10,46,3,356.0960625,,356.0823184,356.0960625,357.0965267,357.0965267,357.0965267,357.4956455,space,0.3925128,None,357.4966704,357.5961624,357.9105851,357.8963269,357.8968649,357.9105851,357.9105851,357.9105851,360.0810304,100,1,[2.1699691000394523],[2.169986000051722],paricipant 1,1,2025-11-11_19h03.31.385,intentional binding,,2025.1.1,59.70780197,2025-11-11 19h03.44.965161 +0530,,,,,,,,,,,,,,,,,,,
0.7,1000,exp,47,11,3,space,0.3997818,None,150,1,[2.1346859000623226],[2.134704599971883],3,11,47,11,360.0950762,,360.0814266,360.0950762,361.0954111,361.0954111,361.0954111,361.4970007,space,0.3997818,None,361.4981301,362.2107069,362.5421749,362.513388,362.5140372,362.5421749,362.5421749,362.5421749,364.6774747,150,1,[2.1346859000623226],[2.134704599971883],paricipant 1,1,2025-11-11_19h03.31.385,intentional binding,,2025.1.1,59.70780197,2025-11-11 19h03.44.965161 +0530,,,,,,,,,,,,,,,,,,,
0.4,400,unexp,48,0,4,space,0.3808701,None,200,1,[2.301474399981089],[2.3014931000070646],4,0,48,1,364.69259,,364.6778976,364.69259,365.6932873,365.6932873,365.6932873,366.0780334,space,0.3808701,None,366.0792576,366.4928717,366.8070785,366.7880139,366.7888875,366.8070785,366.8070785,366.8070785,369.109072,200,1,[2.301474399981089],[2.3014931000070646],paricipant 1,1,2025-11-11_19h03.31.385,intentional binding,,2025.1.1,59.70780197,2025-11-11 19h03.44.965161 +0530,,,,,,,,,,,,,,,,,,,
0.1,1000,exp,49,1,4,space,0.2851755,None,100,1,[2.284771000035107],[2.2847852000268176],4,1,49,6,369.1237071,,369.1094583,369.1237071,370.124595,370.124595,370.124595,370.4247276,space,0.2851755,None,370.4259228,370.5238722,370.8394555,370.824371,370.8250168,370.8394555,370.8394555,370.8394555,373.1247476,100,1,[2.284771000035107],[2.2847852000268176],paricipant 1,1,2025-11-11_19h03.31.385,intentional binding,,2025.1.1,59.70780197,2025-11-11 19h03.44.965161 +0530,,,,,,,,,,,,,,,,,,,
0.4,1000,exp,50,2,4,space,0.4220088,None,150,1,[2.5520899000111967],[2.55210430000443],4,2,50,4,373.1390043,,373.1250902,373.1390043,374.1397024,374.1397024,374.1397024,374.5732954,space,0.4220088,None,374.5744379,374.9731056,375.2869475,375.2653765,375.2660055,375.2869475,375.2869475,375.2869475,377.8400055,150,1,[2.5520899000111967],[2.55210430000443],paricipant 1,1,2025-11-11_19h03.31.385,intentional binding,,2025.1.1,59.70780197,2025-11-11 19h03.44.965161 +0530,,,,,,,,,,,,,,,,,,,
0.1,1000,exp,51,3,4,space,0.45242,None,150,1,[2.652468700078316],[2.6524776000296697],4,3,51,3,377.8538046,,377.8407236,377.8538046,378.8540204,378.8540204,378.8540204,379.3213056,space,0.45242,None,379.3223885,379.4369977,379.7509679,379.7376387,379.738246,379.7509679,379.7509679,379.7509679,382.4037554,150,1,[2.652468700078316],[2.6524776000296697],paricipant 1,1,2025-11-11_19h03.31.385,intentional binding,,2025.1.1,59.70780197,2025-11-11 19h03.44.965161 +0530,,,,,,,,,,,,,,,,,,,
0.1,400,unexp,52,4,4,space,0.3271658,None,100,1,[1.967717899940908],[1.9677316999295726],4,4,52,0,382.4177812,,382.4040049,382.4177812,383.418098,383.418098,383.418098,383.7523218,space,0.3271658,None,383.7540891,383.8673927,384.1999017,384.1671859,384.168147,384.1999017,384.1999017,384.1999017,386.1681626,100,1,[1.967717899940908],[1.9677316999295726],paricipant 1,1,2025-11-11_19h03.31.385,intentional binding,,2025.1.1,59.70780197,2025-11-11 19h03.44.965161 +0530,,,,,,,,,,,,,,,,,,,
0.7,400,unexp,53,5,4,space,0.2808256,None,500,1,[2.7842474000062793],[2.784265400026925],4,5,53,2,386.1834408,,386.1685631,386.1834408,387.1832841,387.1832841,387.1832841,387.4677188,space,0.2808256,None,387.4685512,388.1818948,388.4977404,388.4763368,388.4771163,388.4977404,388.4977404,388.4977404,391.2828708,500,1,[2.7842474000062793],[2.784265400026925],paricipant 1,1,2025-11-11_19h03.31.385,intentional binding,,2025.1.1,59.70780197,2025-11-11 19h03.44.965161 +0530,,,,,,,,,,,,,,,,,,,
0.7,1000,exp,54,6,4,space,0.4346171,None,200,1,[3.0678339999867603],[3.067846600082703],4,6,54,8,391.2981806,,391.2832567,391.2981806,392.2817719,392.2817719,392.2979597,392.7175622,space,0.4346171,None,392.7186566,393.4306432,393.746549,393.7279544,393.7288189,393.746549,393.746549,393.746549,396.8147913,200,1,[3.0678339999867603],[3.067846600082703],paricipant 1,1,2025-11-11_19h03.31.385,intentional binding,,2025.1.1,59.70780197,2025-11-11 19h03.44.965161 +0530,,,,,,,,,,,,,,,,,,,
0.4,1000,exp,55,7,4,space,0.3276231,None,150,1,[3.400580000015907],[3.4005973000312224],4,7,55,10,396.8291868,,396.8150676,396.8291868,397.8296939,397.8296939,397.8296939,398.1632208,space,0.3276231,None,398.1641327,398.5623187,398.8937845,398.8653688,398.8659952,398.8937845,398.8937845,398.8937845,402.2949422,150,1,[3.400580000015907],[3.4005973000312224],paricipant 1,1,2025-11-11_19h03.31.385,intentional binding,,2025.1.1,59.70780197,2025-11-11 19h03.44.965161 +0530,,,,,,,,,,,,,,,,,,,
0.1,1000,exp,56,8,4,space,0.3864009,None,100,1,[2.1024478999897838],[2.1024623999837786],4,8,56,9,402.3092449,,402.2952881,402.3092449,403.3102552,403.3102552,403.3102552,403.7102344,space,0.3864009,None,403.7113591,403.8097281,404.1247588,404.1061524,404.1069343,404.1247588,404.1247588,404.1247588,406.2276912,100,1,[2.1024478999897838],[2.1024623999837786],paricipant 1,1,2025-11-11_19h03.31.385,intentional binding,,2025.1.1,59.70780197,2025-11-11 19h03.44.965161 +0530,,,,,,,,,,,,,,,,,,,
0.4,1000,exp,57,9,4,space,0.3174129,None,200,1,[3.5823530999477953],[3.582368699950166],4,9,57,7,406.2414599,,406.2280463,406.2414599,407.2412107,407.2412107,407.2412107,407.5607269,space,0.3174129,None,407.5620102,407.9783534,408.3065905,408.2806996,408.2813678,408.3065905,408.3065905,408.3065905,411.8894657,200,1,[3.5823530999477953],[3.582368699950166],paricipant 1,1,2025-11-11_19h03.31.385,intentional binding,,2025.1.1,59.70780197,2025-11-11 19h03.44.965161 +0530,,,,,,,,,,,,,,,,,,,
0.7,1000,exp,58,10,4,space,0.324975,None,400,1,[2.216774999978952],[2.216788199963048],4,10,58,5,411.9051584,,411.8898094,411.9051584,412.8888959,412.8888959,412.906003,413.2227782,space,0.324975,None,413.2240255,413.9218634,414.2370079,414.2163592,414.2171504,414.2370079,414.2370079,414.2370079,416.4543032,400,1,[2.216774999978952],[2.216788199963048],paricipant 1,1,2025-11-11_19h03.31.385,intentional binding,,2025.1.1,59.70780197,2025-11-11 19h03.44.965161 +0530,,,,,,,,,,,,,,,,,,,
0.7,1000,exp,59,11,4,space,0.5836923,None,200,1,[3.100604899926111],[3.10061899991706],4,11,59,11,416.4700854,,416.4546956,416.4700854,417.4537169,417.4537169,417.4707494,418.0384583,space,0.5836923,None,418.039541,418.7531797,419.068024,419.0466126,419.0474716,419.068024,419.068024,419.068024,422.1691409,200,1,[3.100604899926111],[3.10061899991706],paricipant 1,1,2025-11-11_19h03.31.385,intentional binding,,2025.1.1,59.70780197,2025-11-11 19h03.44.965161 +0530,,,,,,,,,,,,,,,,,,,
0.1,1000,exp,60,0,5,space,0.5390255,None,300,1,[2.8164991999510676],[2.816517799976282],5,0,60,9,422.1853803,,422.1694644,422.1853803,423.1677186,423.1677186,423.1849232,423.718641,space,0.5390255,None,423.719661,423.833559,424.1661127,424.1364887,424.1371953,424.1661127,424.1661127,424.1661127,426.9831751,300,1,[2.8164991999510676],[2.816517799976282],paricipant 1,1,2025-11-11_19h03.31.385,intentional binding,,2025.1.1,59.70780197,2025-11-11 19h03.44.965161 +0530,,,,,,,,,,,,,,,,,,,
0.1,400,unexp,61,1,5,space,0.3262106,None,100,1,[2.086276500020176],[2.086290800012648],5,1,61,0,426.9986886,,426.9834711,426.9986886,427.9831378,427.9831378,427.9994744,428.3165491,space,0.3262106,None,428.3175185,428.432691,428.7469145,428.7336912,428.7343063,428.7469145,428.7469145,428.7469145,430.8337023,100,1,[2.086276500020176],[2.086290800012648],paricipant 1,1,2025-11-11_19h03.31.385,intentional binding,,2025.1.1,59.70780197,2025-11-11 19h03.44.965161 +0530,,,,,,,,,,,,,,,,,,,
0.7,400,unexp,62,2,5,space,0.2763398,None,450,1,[2.6839191999752074],[2.6839339999714866],5,2,62,2,430.8482943,,430.8340484,430.8482943,431.8472309,431.8472309,431.8645081,432.1301428,space,0.2763398,None,432.1310139,432.8312056,433.145856,433.1267624,433.1277328,433.145856,433.145856,433.145856,435.8302821,450,1,[2.6839191999752074],[2.6839339999714866],paricipant 1,1,2025-11-11_19h03.31.385,intentional binding,,2025.1.1,59.70780197,2025-11-11 19h03.44.965161 +0530,,,,,,,,,,,,,,,,,,,
0.4,1000,exp,63,3,5,space,0.3446194,None,250,1,[2.301939799915999],[2.3019625999731943],5,3,63,10,435.8450408,,435.8307462,435.8450408,436.8291859,436.8291859,436.8460996,437.1788819,space,0.3446194,None,437.1798284,437.5793329,437.9098811,437.8798808,437.8805937,437.9098811,437.9098811,437.9098811,440.21245,250,1,[2.301939799915999],[2.3019625999731943],paricipant 1,1,2025-11-11_19h03.31.385,intentional binding,,2025.1.1,59.70780197,2025-11-11 19h03.44.965161 +0530,,,,,,,,,,,,,,,,,,,
0.7,1000,exp,64,4,5,space,0.5127086,None,370,1,[3.777476199902594],[3.777494499925524],5,4,64,5,440.2267848,,440.212937,440.2267848,441.2265612,441.2265612,441.2265612,441.7440001,space,0.5127086,None,441.7450119,442.4598534,442.7752439,442.7613673,442.7618826,442.7752439,442.7752439,442.7752439,446.5533819,370,1,[3.777476199902594],[3.777494499925524],paricipant 1,1,2025-11-11_19h03.31.385,intentional binding,,2025.1.1,59.70780197,2025-11-11 19h03.44.965161 +0530,,,,,,,,,,,,,,,,,,,
0.4,400,unexp,65,5,5,space,0.5067765,None,150,1,[3.1340864999219775],[3.134101799922064],5,5,65,1,446.5723831,,446.5537585,446.5723831,447.5575714,447.5575714,447.573711,448.0753681,space,0.5067765,None,448.0762363,448.4898207,448.8056911,448.785045,448.7860156,448.8056911,448.8056911,448.8056911,451.9402816,150,1,[3.1340864999219775],[3.134101799922064],paricipant 1,1,2025-11-11_19h03.31.385,intentional binding,,2025.1.1,59.70780197,2025-11-11 19h03.44.965161 +0530,,,,,,,,,,,,,,,,,,,
0.4,1000,exp,66,6,5,space,0.3795586,None,230,1,[6.1833078999770805],[6.183324399986304],5,6,66,4,451.9553522,,451.9406341,451.9553522,452.9550747,452.9550747,452.9550747,453.3398475,space,0.3795586,None,453.3407957,453.7548088,454.0855028,454.056332,454.0569074,454.0855028,454.0855028,454.0855028,460.2692924,230,1,[6.1833078999770805],[6.183324399986304],paricipant 1,1,2025-11-11_19h03.31.385,intentional binding,,2025.1.1,59.70780197,2025-11-11 19h03.44.965161 +0530,,,,,,,,,,,,,,,,,,,
0.4,1000,exp,67,7,5,space,0.7867859,None,200,1,[3.466548900003545],[3.466566100018099],5,7,67,7,460.2842747,,460.2696964,460.2842747,461.2842363,461.2842363,461.2842363,462.0857341,space,0.7867859,None,462.0870199,462.4848611,462.8163674,462.787373,462.7879565,462.8163674,462.8163674,462.8163674,466.2834143,200,1,[3.466548900003545],[3.466566100018099],paricipant 1,1,2025-11-11_19h03.31.385,intentional binding,,2025.1.1,59.70780197,2025-11-11 19h03.44.965161 +0530,,,,,,,,,,,,,,,,,,,
0.7,1000,exp,68,8,5,space,0.268843,None,150,1,[3.3674114000750706],[3.367420500027947],5,8,68,11,466.2990655,,466.2838004,466.2990655,467.2993399,467.2993399,467.2993399,467.5824143,space,0.268843,None,467.5831764,468.2823415,468.5964839,468.5773179,468.5779945,468.5964839,468.5964839,468.5964839,471.9642353,150,1,[3.3674114000750706],[3.367420500027947],paricipant 1,1,2025-11-11_19h03.31.385,intentional binding,,2025.1.1,59.70780197,2025-11-11 19h03.44.965161 +0530,,,,,,,,,,,,,,,,,,,
0.1,1000,exp,69,9,5,space,0.3590702,None,230,1,[2.5364742000820115],[2.536489100079052],5,9,69,6,471.9798215,,471.9645857,471.9798215,472.9802131,472.9802131,472.9802131,473.3469802,space,0.3590702,None,473.3481684,473.4466719,473.7605883,473.7479707,473.7486849,473.7605883,473.7605883,473.7605883,476.2975446,230,1,[2.5364742000820115],[2.536489100079052],paricipant 1,1,2025-11-11_19h03.31.385,intentional binding,,2025.1.1,59.70780197,2025-11-11 19h03.44.965161 +0530,,,,,,,,,,,,,,,,,,,
0.7,1000,exp,70,10,5,space,0.29595,None,450,1,[1.9677441999083385],[1.9677599999122322],5,10,70,8,476.3103953,,476.2979077,476.3103953,477.3113105,477.3113105,477.3113105,477.6127837,space,0.29595,None,477.6141539,478.3276578,478.6425359,478.626473,478.6271148,478.6425359,478.6425359,478.6425359,480.6108566,450,1,[1.9677441999083385],[1.9677599999122322],paricipant 1,1,2025-11-11_19h03.31.385,intentional binding,,2025.1.1,59.70780197,2025-11-11 19h03.44.965161 +0530,,,,,,,,,,,,,,,,,,,
0.1,1000,exp,71,11,5,space,0.2831701,None,100,1,[2.7001285000005737],[2.7001486000372097],5,11,71,3,480.6268914,,480.61119,480.6268914,481.6268202,481.6268202,481.6435923,481.9106215,space,0.2831701,None,481.9117062,482.010211,482.3246273,482.3044764,482.305163,482.3246273,482.3246273,482.3246273,485.0253274,100,1,[2.7001285000005737],[2.7001486000372097],paricipant 1,1,2025-11-11_19h03.31.385,intentional binding,,2025.1.1,59.70780197,2025-11-11 19h03.44.965161 +0530,,,,,,,,,,,,,,,,,,,
0.4,1000,exp,72,0,6,space,0.2931081,None,200,1,[2.0841921999817714],[2.0842069999780506],6,0,72,10,485.04045,,485.025707,485.04045,486.0405647,486.0405647,486.0405647,486.3410618,space,0.2931081,None,486.3423529,486.740527,487.0716194,487.0473163,487.0479249,487.0716194,487.0716194,487.0716194,489.1563054,200,1,[2.0841921999817714],[2.0842069999780506],paricipant 1,1,2025-11-11_19h03.31.385,intentional binding,,2025.1.1,59.70780197,2025-11-11 19h03.44.965161 +0530,,,,,,,,,,,,,,,,,,,
0.1,1000,exp,73,1,6,space,0.3013014,None,100,1,[1.7367392000742257],[1.736756500089541],6,1,73,6,489.1723474,,489.1566504,489.1723474,490.1563969,490.1563969,490.1720817,490.4730608,space,0.3013014,None,490.4742471,490.5728247,490.9039468,490.8761112,490.8766451,490.9039468,490.9039468,490.9039468,492.6411772,100,1,[1.7367392000742257],[1.736756500089541],paricipant 1,1,2025-11-11_19h03.31.385,intentional binding,,2025.1.1,59.70780197,2025-11-11 19h03.44.965161 +0530,,,,,,,,,,,,,,,,,,,
0.4,1000,exp,74,2,6,space,0.3127864,None,350,1,[3.1005941999610513],[3.1006105999695137],6,2,74,4,492.6537693,,492.6415416,492.6537693,493.6539031,493.6539031,493.6539031,493.9722767,space,0.3127864,None,493.9736842,494.3868253,494.7024471,494.6872432,494.6878913,494.7024471,494.7024471,494.7024471,497.8035793,350,1,[3.1005941999610513],[3.1006105999695137],paricipant 1,1,2025-11-11_19h03.31.385,intentional binding,,2025.1.1,59.70780197,2025-11-11 19h03.44.965161 +0530,,,,,,,,,,,,,,,,,,,
0.1,1000,exp,75,3,6,space,0.5509226,None,200,1,[2.4684666000539437],[2.4684831000631675],6,3,75,3,497.8185967,,497.8039309,497.8185967,498.8019785,498.8019785,498.8190511,499.3693235,space,0.5509226,None,499.3703861,499.4684368,499.783488,499.7645453,499.7653174,499.783488,499.783488,499.783488,502.2528728,200,1,[2.4684666000539437],[2.4684831000631675],paricipant 1,1,2025-11-11_19h03.31.385,intentional binding,,2025.1.1,59.70780197,2025-11-11 19h03.44.965161 +0530,,,,,,,,,,,,,,,,,,,
0.7,1000,exp,76,4,6,space,0.3002111,None,500,1,[2.1692144999979064],[2.1692287999903783],6,4,76,11,502.2670452,,502.2533173,502.2670452,503.2664406,503.2664406,503.2664406,503.567749,space,0.3002111,None,503.5688007,504.2828502,504.6139466,504.5842421,504.5849887,504.6139466,504.6139466,504.6139466,506.7836249,500,1,[2.1692144999979064],[2.1692287999903783],paricipant 1,1,2025-11-11_19h03.31.385,intentional binding,,2025.1.1,59.70780197,2025-11-11 19h03.44.965161 +0530,,,,,,,,,,,,,,,,,,,
0.7,1000,exp,77,5,6,space,0.7125305,None,400,1,[2.8347894999897107],[2.8348017000826076],6,5,77,8,506.7981118,,506.7839703,506.7981118,507.7986822,507.7986822,507.7986822,508.5165815,space,0.7125305,None,508.5179528,509.2306153,509.5462596,509.5275825,509.5284291,509.5462596,509.5462596,509.5462596,512.3816255,400,1,[2.8347894999897107],[2.8348017000826076],paricipant 1,1,2025-11-11_19h03.31.385,intentional binding,,2025.1.1,59.70780197,2025-11-11 19h03.44.965161 +0530,,,,,,,,,,,,,,,,,,,
0.7,400,unexp,78,6,6,space,1.4052769,None,350,1,[3.1174464999930933],[3.1174610001035035],6,6,78,2,512.3958876,,512.381949,512.3958876,513.3960899,513.3960899,513.3960899,514.8120189,space,1.4052769,None,514.8133318,515.5120808,515.8266441,515.8075026,515.808413,515.8266441,515.8266441,515.8266441,518.9446061,350,1,[3.1174464999930933],[3.1174610001035035],paricipant 1,1,2025-11-11_19h03.31.385,intentional binding,,2025.1.1,59.70780197,2025-11-11 19h03.44.965161 +0530,,,,,,,,,,,,,,,,,,,
0.1,1000,exp,79,7,6,space,0.3505894,None,120,1,[3.134931500069797],[3.1349455000599846],6,7,79,9,518.9592422,,518.944956,518.9592422,519.9591216,519.9591216,519.9591216,520.326568,space,0.3505894,None,520.3273257,520.443078,520.7738628,520.7461947,520.7470185,520.7738628,520.7738628,520.7738628,523.9093061,120,1,[3.134931500069797],[3.1349455000599846],paricipant 1,1,2025-11-11_19h03.31.385,intentional binding,,2025.1.1,59.70780197,2025-11-11 19h03.44.965161 +0530,,,,,,,,,,,,,,,,,,,
0.4,1000,exp,80,8,6,space,0.3238633,None,200,1,[2.2999956000130624],[2.3000124000245705],6,8,80,7,523.9241613,,523.9096573,523.9241613,524.9237062,524.9237062,524.9237062,525.2582566,space,0.3238633,None,525.2593232,525.6740772,526.0060367,525.9762943,525.9769576,526.0060367,526.0060367,526.0060367,528.3066267,200,1,[2.2999956000130624],[2.3000124000245705],paricipant 1,1,2025-11-11_19h03.31.385,intentional binding,,2025.1.1,59.70780197,2025-11-11 19h03.44.965161 +0530,,,,,,,,,,,,,,,,,,,
0.4,400,unexp,81,9,6,space,0.338896,None,250,1,[2.9351765000028536],[2.935193800018169],6,9,81,1,528.3228027,,528.3070089,528.3228027,529.3229975,529.3229975,529.3229975,529.6729876,space,0.338896,None,529.6739909,530.0892895,530.421013,530.3863954,530.3872379,530.421013,530.421013,530.421013,533.35678,250,1,[2.9351765000028536],[2.935193800018169],paricipant 1,1,2025-11-11_19h03.31.385,intentional binding,,2025.1.1,59.70780197,2025-11-11 19h03.44.965161 +0530,,,,,,,,,,,,,,,,,,,
0.7,1000,exp,82,10,6,space,0.2989727,None,500,1,[2.3718931999756023],[2.3719063999596983],6,10,82,5,533.3695204,,533.3571543,533.3695204,534.3695588,534.3695588,534.3695588,534.672542,space,0.2989727,None,534.6737265,535.3863721,535.7179767,535.6881482,535.6888339,535.7179767,535.7179767,535.7179767,538.0904279,500,1,[2.3718931999756023],[2.3719063999596983],paricipant 1,1,2025-11-11_19h03.31.385,intentional binding,,2025.1.1,59.70780197,2025-11-11 19h03.44.965161 +0530,,,,,,,,,,,,,,,,,,,
0.1,400,unexp,83,11,6,space,0.2731277,None,250,1,[2.6677189000183716],[2.667733500013128],6,11,83,0,538.101559,,538.0907406,538.101559,539.1010035,539.1010035,539.1010035,539.3860396,space,0.2731277,None,539.3870528,539.4858272,539.8166319,539.7855624,539.7865713,539.8166319,539.8166319,539.8166319,542.4857173,250,1,[2.6677189000183716],[2.667733500013128],paricipant 1,1,2025-11-11_19h03.31.385,intentional binding,,2025.1.1,59.70780197,2025-11-11 19h03.44.965161 +0530,,,,,,,,,,,,,,,,,,,
0.4,400,unexp,84,0,7,space,0.3198012,None,300,1,[1.7496517000254244],[1.7496624999912456],7,0,84,1,542.4995167,,542.4860977,542.4995167,543.4993459,543.4993459,543.4993459,543.833549,space,0.3198012,None,543.8347956,544.2341402,544.5658835,544.5476655,544.5484641,544.5658835,544.5658835,544.5658835,546.3159269,300,1,[1.7496517000254244],[1.7496624999912456],paricipant 1,1,2025-11-11_19h03.31.385,intentional binding,,2025.1.1,59.70780197,2025-11-11 19h03.44.965161 +0530,,,,,,,,,,,,,,,,,,,
0.7,1000,exp,85,1,7,space,0.3088792,None,150,1,[2.517867000075057],[2.5178809000644833],7,1,85,8,546.3315411,,546.3162752,546.3315411,547.3310396,547.3310396,547.3310396,547.6483319,space,0.3088792,None,547.6495663,548.348236,548.6786173,548.6487732,548.6495444,548.6786173,548.6786173,548.6786173,551.1970079,150,1,[2.517867000075057],[2.5178809000644833],paricipant 1,1,2025-11-11_19h03.31.385,intentional binding,,2025.1.1,59.70780197,2025-11-11 19h03.44.965161 +0530,,,,,,,,,,,,,,,,,,,
0.4,1000,exp,86,2,7,space,0.3498116,None,300,1,[2.151213200064376],[2.1512234000256285],7,2,86,7,551.2122941,,551.1974175,551.2122941,552.1957966,552.1957966,552.2120804,552.5481681,space,0.3498116,None,552.5494403,552.9620473,553.277288,553.255594,553.2563119,553.277288,553.277288,553.277288,555.4289108,300,1,[2.151213200064376],[2.1512234000256285],paricipant 1,1,2025-11-11_19h03.31.385,intentional binding,,2025.1.1,59.70780197,2025-11-11 19h03.44.965161 +0530,,,,,,,,,,,,,,,,,,,
0.4,1000,exp,87,3,7,space,0.3198067,None,350,1,[2.7512621000641957],[2.7512764000566676],7,3,87,4,555.4439663,,555.4293492,555.4439663,556.4274082,556.4274082,556.4458199,556.7617204,space,0.3198067,None,556.7627259,557.1763473,557.4917313,557.474342,557.4748293,557.4917313,557.4917313,557.4917313,560.2434702,350,1,[2.7512621000641957],[2.7512764000566676],paricipant 1,1,2025-11-11_19h03.31.385,intentional binding,,2025.1.1,59.70780197,2025-11-11 19h03.44.965161 +0530,,,,,,,,,,,,,,,,,,,
0.1,1000,exp,88,4,7,space,0.3730084,None,150,1,[2.818452600040473],[2.818463600007817],7,4,88,6,560.2586945,,560.2437561,560.2586945,561.2579301,561.2579301,561.2579301,561.6421793,space,0.3730084,None,561.6435773,561.7571811,562.0728171,562.0546128,562.0553123,562.0728171,562.0728171,562.0728171,564.8917436,150,1,[2.818452600040473],[2.818463600007817],paricipant 1,1,2025-11-11_19h03.31.385,intentional binding,,2025.1.1,59.70780197,2025-11-11 19h03.44.965161 +0530,,,,,,,,,,,,,,,,,,,
0.7,1000,exp,89,5,7,space,0.366906,None,400,1,[3.566745699965395],[3.566759099951014],7,5,89,5,564.9059693,,564.8920907,564.9059693,565.9077749,565.9077749,565.9077749,566.2901276,space,0.366906,None,566.2912618,567.0057178,567.320644,567.3047725,567.3054809,567.320644,567.320644,567.320644,570.8877886,400,1,[3.566745699965395],[3.566759099951014],paricipant 1,1,2025-11-11_19h03.31.385,intentional binding,,2025.1.1,59.70780197,2025-11-11 19h03.44.965161 +0530,,,,,,,,,,,,,,,,,,,
0.1,400,unexp,90,6,7,space,0.5247225,None,100,1,[1.9849636999424547],[1.9850175000028685],7,6,90,0,570.9038321,,570.888071,570.9038321,571.8872613,571.8872613,571.9036327,572.4212068,space,0.5247225,None,572.4223561,572.5367152,572.8676763,572.839281,572.8399076,572.8676763,572.8676763,572.8676763,574.8532034,100,1,[1.9849636999424547],[1.9850175000028685],paricipant 1,1,2025-11-11_19h03.31.385,intentional binding,,2025.1.1,59.70780197,2025-11-11 19h03.44.965161 +0530,,,,,,,,,,,,,,,,,,,
0.1,1000,exp,91,7,7,space,0.3271021,None,100,1,[2.0516386999515817],[2.0516533999470994],7,7,91,9,574.8682596,,574.853585,574.8682596,575.8517368,575.8517368,575.8687872,576.1863999,space,0.3271021,None,576.1874969,576.3021197,576.6178378,576.5957329,576.5964906,576.6178378,576.6178378,576.6178378,578.6699864,100,1,[2.0516386999515817],[2.0516533999470994],paricipant 1,1,2025-11-11_19h03.31.385,intentional binding,,2025.1.1,59.70780197,2025-11-11 19h03.44.965161 +0530,,,,,,,,,,,,,,,,,,,
0.4,1000,exp,92,8,7,space,0.3093254,None,100,1,[1.818843699991703],[1.8188586999895051],7,8,92,10,578.6832494,,578.6703323,578.6832494,579.6677029,579.6677029,579.683722,579.9839761,space,0.3093254,None,579.9849991,580.3841341,580.6985555,580.6788483,580.6795478,580.6985555,580.6985555,580.6985555,582.5179659,100,1,[1.818843699991703],[1.8188586999895051],paricipant 1,1,2025-11-11_19h03.31.385,intentional binding,,2025.1.1,59.70780197,2025-11-11 19h03.44.965161 +0530,,,,,,,,,,,,,,,,,,,
0.7,1000,exp,93,9,7,space,0.2919505,None,250,1,[4.015827300027013],[4.015845900052227],7,9,93,11,582.532083,,582.5183048,582.532083,583.5324162,583.5324162,583.5324162,583.8329055,space,0.2919505,None,583.834148,584.5320732,584.8469424,584.8267271,584.827507,584.8469424,584.8469424,584.8469424,588.8632129,250,1,[4.015827300027013],[4.015845900052227],paricipant 1,1,2025-11-11_19h03.31.385,intentional binding,,2025.1.1,59.70780197,2025-11-11 19h03.44.965161 +0530,,,,,,,,,,,,,,,,,,,
0.1,1000,exp,94,10,7,space,0.3096884,None,200,1,[1.8841564999893308],[1.8841666999505833],7,10,94,3,588.8828299,,588.8634912,588.8828299,589.8627997,589.8627997,589.8967179,590.1798676,space,0.3096884,None,590.1809365,590.2801367,590.5943295,590.5782423,590.5788843,590.5943295,590.5943295,590.5943295,592.4788432,200,1,[1.8841564999893308],[1.8841666999505833],paricipant 1,1,2025-11-11_19h03.31.385,intentional binding,,2025.1.1,59.70780197,2025-11-11 19h03.44.965161 +0530,,,,,,,,,,,,,,,,,,,
0.7,400,unexp,95,11,7,space,0.2523259,None,250,1,[2.901460000080988],[2.9014736000681296],7,11,95,2,592.49488,,592.4791314,592.49488,593.4946964,593.4946964,593.4946964,593.7614963,space,0.2523259,None,593.7628937,594.4606386,594.7758948,594.7588627,594.7596562,594.7758948,594.7758948,594.7758948,597.6778992,250,1,[2.901460000080988],[2.9014736000681296],paricipant 1,1,2025-11-11_19h03.31.385,intentional binding,,2025.1.1,59.70780197,2025-11-11 19h03.44.965161 +0530,,,,,,,,,,,,,,,,,,,
0.4,1000,exp,96,0,8,space,0.3012998,None,350,1,[3.0676915999501944],[3.0677083999617025],8,0,96,10,597.6921793,,597.6782302,597.6921793,598.6927912,598.6927912,598.6927912,599.0083339,space,0.3012998,None,599.0090601,599.4089033,599.7229602,599.7077137,599.708463,599.7229602,599.7229602,599.7229602,602.7911412,350,1,[3.0676915999501944],[3.0677083999617025],paricipant 1,1,2025-11-11_19h03.31.385,intentional binding,,2025.1.1,59.70780197,2025-11-11 19h03.44.965161 +0530,,,,,,,,,,,,,,,,,,,
0.7,400,unexp,97,1,8,space,0.5205765,None,300,1,[2.7841201999690384],[2.7841349999653175],8,1,97,2,602.8067895,,602.7915226,602.8067895,603.7905068,603.7905068,603.8068494,604.3234415,space,0.5205765,None,604.3241005,605.0234714,605.3551471,605.3248146,605.3260408,605.3551471,605.3551471,605.3551471,608.1397834,300,1,[2.7841201999690384],[2.7841349999653175],paricipant 1,1,2025-11-11_19h03.31.385,intentional binding,,2025.1.1,59.70780197,2025-11-11 19h03.44.965161 +0530,,,,,,,,,,,,,,,,,,,
0.7,1000,exp,98,2,8,space,0.4159194,None,250,1,[3.0339983000885695],[3.0340135000878945],8,2,98,5,608.1537695,,608.1400975,608.1537695,609.1544872,609.1544872,609.1544872,609.5717777,space,0.4159194,None,609.5732142,610.2876845,610.6024393,610.5845797,610.5854505,610.6024393,610.6024393,610.6024393,613.6369972,250,1,[3.0339983000885695],[3.0340135000878945],paricipant 1,1,2025-11-11_19h03.31.385,intentional binding,,2025.1.1,59.70780197,2025-11-11 19h03.44.965161 +0530,,,,,,,,,,,,,,,,,,,
0.4,1000,exp,99,3,8,space,0.3341327,None,300,1,[2.550844700075686],[2.5508725000545382],8,3,99,4,613.6519638,,613.6373608,613.6519638,614.6523625,614.6523625,614.6523625,614.9878555,space,0.3341327,None,614.9892512,615.4023955,615.7174395,615.7026297,615.7035208,615.7174395,615.7174395,615.7174395,618.2686631,300,1,[2.550844700075686],[2.5508725000545382],paricipant 1,1,2025-11-11_19h03.31.385,intentional binding,,2025.1.1,59.70780197,2025-11-11 19h03.44.965161 +0530,,,,,,,,,,,,,,,,,,,
0.7,1000,exp,100,4,8,space,0.627816,None,150,1,[3.768023299984634],[3.7680370999732986],8,4,100,8,618.2829137,,618.2689307,618.2829137,619.2668938,619.2668938,619.28378,619.9006288,space,0.627816,None,619.9017732,620.5998025,620.9151939,620.8970114,620.8981023,620.9151939,620.9151939,620.9151939,624.6837313,150,1,[3.768023299984634],[3.7680370999732986],paricipant 1,1,2025-11-11_19h03.31.385,intentional binding,,2025.1.1,59.70780197,2025-11-11 19h03.44.965161 +0530,,,,,,,,,,,,,,,,,,,
0.1,400,unexp,101,5,8,space,0.3386109,None,150,1,[3.000754499924369],[3.0007714999374],8,5,101,0,624.6974461,,624.6840884,624.6974461,625.6976407,625.6976407,625.6976407,626.0487583,space,0.3386109,None,626.050079,626.165578,626.4949522,626.4683005,626.4689203,626.4949522,626.4949522,626.4949522,629.4962358,150,1,[3.000754499924369],[3.0007714999374],paricipant 1,1,2025-11-11_19h03.31.385,intentional binding,,2025.1.1,59.70780197,2025-11-11 19h03.44.965161 +0530,,,,,,,,,,,,,,,,,,,
0.4,400,unexp,102,6,8,space,0.5231936,None,200,1,[2.1853609000099823],[2.1853731999872252],8,6,102,1,629.5120385,,629.496599,629.5120385,630.511703,630.511703,630.511703,631.0460334,space,0.5231936,None,631.047129,631.4456889,631.759462,631.7377479,631.7383287,631.759462,631.759462,631.759462,633.9452049,200,1,[2.1853609000099823],[2.1853731999872252],paricipant 1,1,2025-11-11_19h03.31.385,intentional binding,,2025.1.1,59.70780197,2025-11-11 19h03.44.965161 +0530,,,,,,,,,,,,,,,,,,,
0.1,1000,exp,103,7,8,space,0.3707843,None,150,1,[2.398379800026305],[2.398395900032483],8,7,103,3,633.9594889,,633.9454864,633.9594889,634.9602254,634.9602254,634.9602254,635.3440317,space,0.3707843,None,635.3452037,635.44382,635.7764241,635.7584358,635.7591231,635.7764241,635.7764241,635.7764241,638.1752784,150,1,[2.398379800026305],[2.398395900032483],paricipant 1,1,2025-11-11_19h03.31.385,intentional binding,,2025.1.1,59.70780197,2025-11-11 19h03.44.965161 +0530,,,,,,,,,,,,,,,,,,,
0.7,1000,exp,104,8,8,space,0.3850906,None,400,1,[2.1848647999577224],[2.184878999949433],8,8,104,11,638.19125,,638.1757232,638.19125,639.176141,639.176141,639.1913684,639.5763232,space,0.3850906,None,639.5773981,640.2907112,640.6062507,640.5877796,640.5886085,640.6062507,640.6062507,640.6062507,642.7917868,400,1,[2.1848647999577224],[2.184878999949433],paricipant 1,1,2025-11-11_19h03.31.385,intentional binding,,2025.1.1,59.70780197,2025-11-11 19h03.44.965161 +0530,,,,,,,,,,,,,,,,,,,
0.4,1000,exp,105,9,8,space,0.4397166,None,300,1,[2.5977249999996275],[2.5977339999517426],8,9,105,7,642.8064625,,642.7921305,642.8064625,643.8054906,643.8054906,643.8054906,644.2567811,space,0.4397166,None,644.2577949,644.6722561,645.0052936,644.9759611,644.9765143,645.0052936,645.0052936,645.0052936,647.6033683,300,1,[2.5977249999996275],[2.5977339999517426],paricipant 1,1,2025-11-11_19h03.31.385,intentional binding,,2025.1.1,59.70780197,2025-11-11 19h03.44.965161 +0530,,,,,,,,,,,,,,,,,,,
0.1,1000,exp,106,10,8,space,0.5284579,None,100,1,[2.652321400004439],[2.6523315999656916],8,10,106,6,647.6208064,,647.6036517,647.6208064,648.6029788,648.6029788,648.6363596,649.1375693,space,0.5284579,None,649.1383265,649.2373292,649.5517466,649.536172,649.5367859,649.5517466,649.5517466,649.5517466,652.2044239,100,1,[2.652321400004439],[2.6523315999656916],paricipant 1,1,2025-11-11_19h03.31.385,intentional binding,,2025.1.1,59.70780197,2025-11-11 19h03.44.965161 +0530,,,,,,,,,,,,,,,,,,,
0.1,1000,exp,107,11,8,space,0.746761,None,250,1,[2.8191452000755817],[2.819159400067292],8,11,107,9,652.2181547,,652.204687,652.2181547,653.2187999,653.2187999,653.2187999,653.9703081,space,0.746761,None,653.9710009,654.0841418,654.4176755,654.3832244,654.3841155,654.4176755,654.4176755,654.4176755,657.2373579,250,1,[2.8191452000755817],[2.819159400067292],paricipant 1,1,2025-11-11_19h03.31.385,intentional binding,,2025.1.1,59.70780197,2025-11-11 19h03.44.965161 +0530,,,,,,,,,,,,,,,,,,,
0.4,1000,exp,108,0,9,space,0.5245493,None,200,1,[3.4504939999897033],[3.450508499983698],9,0,108,4,657.2497798,,657.2376894,657.2497798,658.2501015,658.2501015,658.2501015,658.7834247,space,0.5245493,None,658.7844228,659.1829323,659.5154753,659.486323,659.4869641,659.5154753,659.5154753,659.5154753,662.9666144,200,1,[3.4504939999897033],[3.450508499983698],paricipant 1,1,2025-11-11_19h03.31.385,intentional binding,,2025.1.1,59.70780197,2025-11-11 19h03.44.965161 +0530,,,,,,,,,,,,,,,,,,,
0.4,1000,exp,109,1,9,space,0.354278,None,350,1,[2.748557799961418],[2.7485710999462754],9,1,109,10,662.9806578,,662.9669456,662.9806578,663.9804614,663.9804614,663.9804614,664.3476748,space,0.354278,None,664.3486252,664.747096,665.0621469,665.0448682,665.0456922,665.0621469,665.0621469,665.0621469,667.8113285,350,1,[2.748557799961418],[2.7485710999462754],paricipant 1,1,2025-11-11_19h03.31.385,intentional binding,,2025.1.1,59.70780197,2025-11-11 19h03.44.965161 +0530,,,,,,,,,,,,,,,,,,,
0.4,400,unexp,110,2,9,space,0.2779622,None,400,1,[2.217949300073087],[2.2179648000746965],9,2,110,1,667.8295509,,667.8116398,667.8295509,668.8117399,668.8117399,668.8461682,669.0947159,space,0.2779622,None,669.0953268,669.4982465,669.8264563,669.7965082,669.797224,669.8264563,669.8264563,669.8264563,672.0449462,400,1,[2.217949300073087],[2.2179648000746965],paricipant 1,1,2025-11-11_19h03.31.385,intentional binding,,2025.1.1,59.70780197,2025-11-11 19h03.44.965161 +0530,,,,,,,,,,,,,,,,,,,
0.4,1000,exp,111,3,9,space,0.3924727,None,150,1,[2.7013159999623895],[2.7013313999632373],9,3,111,7,672.0603746,,672.0452881,672.0603746,673.060201,673.060201,673.060201,673.4593306,space,0.3924727,None,673.4601828,673.8606547,674.1918769,674.1635445,674.1641279,674.1918769,674.1918769,674.1918769,676.893729,150,1,[2.7013159999623895],[2.7013313999632373],paricipant 1,1,2025-11-11_19h03.31.385,intentional binding,,2025.1.1,59.70780197,2025-11-11 19h03.44.965161 +0530,,,,,,,,,,,,,,,,,,,
0.1,1000,exp,112,4,9,space,0.3950445,None,100,1,[2.98373239999637],[2.983744699973613],9,4,112,3,676.9083377,,676.8940561,676.9083377,677.9090504,677.9090504,677.9090504,678.3090774,space,0.3950445,None,678.310331,678.4084633,678.7225596,678.7053846,678.7061921,678.7225596,678.7225596,678.7225596,681.706692,100,1,[2.98373239999637],[2.983744699973613],paricipant 1,1,2025-11-11_19h03.31.385,intentional binding,,2025.1.1,59.70780197,2025-11-11 19h03.44.965161 +0530,,,,,,,,,,,,,,,,,,,
0.7,400,unexp,113,5,9,space,0.2748753,None,500,1,[1.7351970000891015],[1.7352113000815734],9,5,113,2,681.7226356,,681.7069722,681.7226356,682.7062815,682.7062815,682.7231572,682.9902027,space,0.2748753,None,682.9914597,683.6896839,684.0038692,683.9857612,683.9867671,684.0038692,684.0038692,684.0038692,685.7394814,500,1,[1.7351970000891015],[1.7352113000815734],paricipant 1,1,2025-11-11_19h03.31.385,intentional binding,,2025.1.1,59.70780197,2025-11-11 19h03.44.965161 +0530,,,,,,,,,,,,,,,,,,,
0.1,1000,exp,114,6,9,space,0.3865633,None,100,1,[1.9502740000607446],[1.9502843000227585],9,6,114,9,685.7535922,,685.7398067,685.7535922,686.7548348,686.7548348,686.7548348,687.155434,space,0.3865633,None,687.1566418,687.2715512,687.6034908,687.5864802,687.5873746,687.6034908,687.6034908,687.6034908,689.5541322,100,1,[1.9502740000607446],[1.9502843000227585],paricipant 1,1,2025-11-11_19h03.31.385,intentional binding,,2025.1.1,59.70780197,2025-11-11 19h03.44.965161 +0530,,,,,,,,,,,,,,,,,,,
0.1,1000,exp,115,7,9,space,0.3662099,None,100,1,[2.0673812000313774],[2.0674018000718206],9,7,115,6,689.5692716,,689.554458,689.5692716,690.5690175,690.5690175,690.5690175,690.938395,space,0.3662099,None,690.9395188,691.0524949,691.3842479,691.3546496,691.3552352,691.3842479,691.3842479,691.3842479,693.4521955,100,1,[2.0673812000313774],[2.0674018000718206],paricipant 1,1,2025-11-11_19h03.31.385,intentional binding,,2025.1.1,59.70780197,2025-11-11 19h03.44.965161 +0530,,,,,,,,,,,,,,,,,,,
0.7,1000,exp,116,8,9,space,0.3297232,None,300,1,[2.067538099945523],[2.0675533999456093],9,8,116,8,693.4678041,,693.4528566,693.4678041,694.4682471,694.4682471,694.4682471,694.8032298,space,0.3297232,None,694.8046526,695.5181104,695.8321339,695.8181872,695.8188666,695.8321339,695.8321339,695.8321339,697.9001839,300,1,[2.067538099945523],[2.0675533999456093],paricipant 1,1,2025-11-11_19h03.31.385,intentional binding,,2025.1.1,59.70780197,2025-11-11 19h03.44.965161 +0530,,,,,,,,,,,,,,,,,,,
0.1,400,unexp,117,9,9,space,0.2690479,None,100,1,[2.0021587000228465],[2.002180799958296],9,9,117,0,697.9158662,,697.9005613,697.9158662,698.917195,698.917195,698.917195,699.1991222,space,0.2690479,None,699.1997847,699.3149765,699.6299825,699.6167482,699.6172878,699.6299825,699.6299825,699.6299825,701.6326974,100,1,[2.0021587000228465],[2.002180799958296],paricipant 1,1,2025-11-11_19h03.31.385,intentional binding,,2025.1.1,59.70780197,2025-11-11 19h03.44.965161 +0530,,,,,,,,,,,,,,,,,,,
0.7,1000,exp,118,10,9,space,0.3329226,None,200,1,[2.034076200099662],[2.0340924999909475],9,10,118,11,701.6467735,,701.6330385,701.6467735,702.6478237,702.6478237,702.6478237,702.9820201,space,0.3329226,None,702.9832794,703.6967079,704.0126556,703.9940709,703.9948839,704.0126556,704.0126556,704.0126556,706.0472876,200,1,[2.034076200099662],[2.0340924999909475],paricipant 1,1,2025-11-11_19h03.31.385,intentional binding,,2025.1.1,59.70780197,2025-11-11 19h03.44.965161 +0530,,,,,,,,,,,,,,,,,,,
0.7,1000,exp,119,11,9,space,0.3358935,None,300,1,[2.0340200000209734],[2.034032700001262],9,11,119,5,706.0627634,,706.0476841,706.0627634,707.0621228,707.0621228,707.0621228,707.4132189,space,0.3358935,None,707.4144536,708.1127779,708.4433091,708.4151954,708.4157833,708.4433091,708.4433091,708.4433091,710.4777213,300,1,[2.0340200000209734],[2.034032700001262],paricipant 1,1,2025-11-11_19h03.31.385,intentional binding,,2025.1.1,59.70780197,2025-11-11 19h03.44.965161 +0530,,,,,,,,,,,,,,,,,,,
0.1,1000,exp,120,0,10,space,0.3341675,None,100,1,[1.7164986999705434],[1.7165099000558257],10,0,120,9,710.4934611,,710.4781406,710.4934611,711.4776356,711.4776356,711.4937382,711.8278519,space,0.3341675,None,711.8292214,711.9433087,712.2755943,712.2473613,712.248016,712.2755943,712.2755943,712.2755943,713.9924729,100,1,[1.7164986999705434],[1.7165099000558257],paricipant 1,1,2025-11-11_19h03.31.385,intentional binding,,2025.1.1,59.70780197,2025-11-11 19h03.44.965161 +0530,,,,,,,,,,,,,,,,,,,
0.1,1000,exp,121,1,10,space,55.8103905,None,200,1,[4.816707799909636],[4.816724699921906],10,1,121,6,714.0086498,,713.9927647,714.0086498,714.9923721,714.9923721,715.0090139,770.8188247,space,55.8103905,None,770.8198201,770.9184684,771.2498389,771.2190926,771.2200273,771.2498389,771.2498389,771.2498389,776.0670768,200,1,[4.816707799909636],[4.816724699921906],paricipant 1,1,2025-11-11_19h03.31.385,intentional binding,,2025.1.1,59.70780197,2025-11-11 19h03.44.965161 +0530,,,,,,,,,,,,,,,,,,,
0.7,1000,exp,122,2,10,space,0.3461852,None,400,1,[2.035925600095652],[2.0359414000995457],10,2,122,8,776.0820914,,776.067448,776.0820914,777.0825925,777.0825925,777.0825925,777.4338457,space,0.3461852,None,777.4349683,778.1494939,778.4630602,778.4474174,778.4482386,778.4630602,778.4630602,778.4630602,780.4995212,400,1,[2.035925600095652],[2.0359414000995457],paricipant 1,1,2025-11-11_19h03.31.385,intentional binding,,2025.1.1,59.70780197,2025-11-11 19h03.44.965161 +0530,,,,,,,,,,,,,,,,,,,
0.1,1000,exp,123,3,10,space,0.3247917,None,100,1,[2.4512171000242233],[2.45123380003497],10,3,123,3,780.512747,,780.5000495,780.512747,781.5135072,781.5135072,781.5135072,781.8483608,space,0.3247917,None,781.849932,781.9636776,782.277842,782.257684,782.2584682,782.277842,782.277842,782.277842,784.7295845,100,1,[2.4512171000242233],[2.45123380003497],paricipant 1,1,2025-11-11_19h03.31.385,intentional binding,,2025.1.1,59.70780197,2025-11-11 19h03.44.965161 +0530,,,,,,,,,,,,,,,,,,,
0.7,1000,exp,124,4,10,space,0.3046073,None,300,1,[3.1324050000403076],[3.1324134999886155],10,4,124,5,784.7440838,,784.7299611,784.7440838,785.7451851,785.7451851,785.7451851,786.0628519,space,0.3046073,None,786.0640836,786.7774382,787.0925116,787.0774728,787.0780923,787.0925116,787.0925116,787.0925116,790.2252475,300,1,[3.1324050000403076],[3.1324134999886155],paricipant 1,1,2025-11-11_19h03.31.385,intentional binding,,2025.1.1,59.70780197,2025-11-11 19h03.44.965161 +0530,,,,,,,,,,,,,,,,,,,
0.7,1000,exp,125,5,10,space,0.3451728,None,450,1,[3.3352668998995796],[3.3352797999978065],10,5,125,11,790.2431057,,790.22552,790.2431057,791.2280513,791.2280513,791.2420921,791.5776994,space,0.3451728,None,791.5786468,792.2928746,792.6234102,792.5936896,792.5944497,792.6234102,792.6234102,792.6234102,795.9591947,450,1,[3.3352668998995796],[3.3352797999978065],paricipant 1,1,2025-11-11_19h03.31.385,intentional binding,,2025.1.1,59.70780197,2025-11-11 19h03.44.965161 +0530,,,,,,,,,,,,,,,,,,,
0.1,400,unexp,126,6,10,space,0.5231701,None,200,1,[13.629304699948989],[13.629318599938415],10,6,126,0,795.973392,,795.959638,795.973392,796.9735764,796.9735764,796.9735764,797.50745,space,0.5231701,None,797.5088458,797.6074839,797.9214698,797.9064139,797.9069962,797.9214698,797.9214698,797.9214698,811.5512542,200,1,[13.629304699948989],[13.629318599938415],paricipant 1,1,2025-11-11_19h03.31.385,intentional binding,,2025.1.1,59.70780197,2025-11-11 19h03.44.965161 +0530,,,,,,,,,,,,,,,,,,,
0.7,400,unexp,127,7,10,space,0.2971137,None,300,1,[1.7488293000496924],[1.7488443000474945],10,7,127,2,811.5667955,,811.5516533,811.5667955,812.5674803,812.5674803,812.5674803,812.868724,space,0.2971137,None,812.8698015,813.5831702,813.900793,813.8836068,813.8842908,813.900793,813.900793,813.900793,815.6500431,300,1,[1.7488293000496924],[1.7488443000474945],paricipant 1,1,2025-11-11_19h03.31.385,intentional binding,,2025.1.1,59.70780197,2025-11-11 19h03.44.965161 +0530,,,,,,,,,,,,,,,,,,,
0.4,1000,exp,128,8,10,space,71.0062323,None,150,1,[3.1347008999437094],[3.1347114000236616],10,8,128,4,815.6644552,,815.6503158,815.6644552,816.6642847,816.6642847,816.6642847,887.6847404,space,71.0062323,None,887.6861073,888.0847874,888.4162651,888.3877296,888.3884281,888.4162651,888.4162651,888.4162651,891.551321,150,1,[3.1347008999437094],[3.1347114000236616],paricipant 1,1,2025-11-11_19h03.31.385,intentional binding,,2025.1.1,59.70780197,2025-11-11 19h03.44.965161 +0530,,,,,,,,,,,,,,,,,,,
0.4,1000,exp,129,9,10,space,0.3501556,None,300,1,[2.550217300071381],[2.55023210006766],10,9,129,7,891.5648916,,891.5515932,891.5648916,892.5662722,892.5662722,892.5662722,892.9183878,space,0.3501556,None,892.9195155,893.3323358,893.6650696,893.6374173,893.6380109,893.6650696,893.6650696,893.6650696,896.2158093,300,1,[2.550217300071381],[2.55023210006766],paricipant 1,1,2025-11-11_19h03.31.385,intentional binding,,2025.1.1,59.70780197,2025-11-11 19h03.44.965161 +0530,,,,,,,,,,,,,,,,,,,
0.4,1000,exp,130,10,10,space,0.4035745,None,240,1,[2.5833322999533266],[2.583348499960266],10,10,130,10,896.2299793,,896.2163245,896.2299793,897.2293839,897.2293839,897.2293839,897.6473518,space,0.4035745,None,897.6485618,898.0665289,898.3956747,898.3673537,898.368029,898.3956747,898.3956747,898.3956747,900.9796735,240,1,[2.5833322999533266],[2.583348499960266],paricipant 1,1,2025-11-11_19h03.31.385,intentional binding,,2025.1.1,59.70780197,2025-11-11 19h03.44.965161 +0530,,,,,,,,,,,,,,,,,,,
0.4,400,unexp,131,11,10,space,0.4462975,None,100,1,[3.0833416000241414],[3.0833571000257507],10,11,131,1,900.9943238,,900.9800597,900.9943238,901.9957772,901.9957772,901.9957772,902.4466369,space,0.4462975,None,902.4478116,902.8607351,903.1764013,903.1571826,903.1579617,903.1764013,903.1764013,903.1764013,906.2601899,100,1,[3.0833416000241414],[3.0833571000257507],paricipant 1,1,2025-11-11_19h03.31.385,intentional binding,,2025.1.1,59.70780197,2025-11-11 19h03.44.965161 +0530,,,,,,,,,,,,,,,,,,,
0.7,1000,exp,132,0,11,space,0.3378181,None,450,1,[2.270087599987164],[2.270108800032176],11,0,132,11,906.275238,,906.2605153,906.275238,907.2762429,907.2762429,907.2762429,907.6268449,space,0.3378181,None,907.6278268,908.3259876,908.6570949,908.6277046,908.6282734,908.6570949,908.6570949,908.6570949,910.9278149,450,1,[2.270087599987164],[2.270108800032176],paricipant 1,1,2025-11-11_19h03.31.385,intentional binding,,2025.1.1,59.70780197,2025-11-11 19h03.44.965161 +0530,,,,,,,,,,,,,,,,,,,
0.7,400,unexp,133,1,11,space,0.9083707,None,350,1,[2.7836839999072254],[2.783700199914165],11,1,133,2,910.9400386,,910.928299,910.9400386,911.9409419,911.9409419,911.9409419,912.8598059,space,0.9083707,None,912.8607641,913.5735443,913.9052101,913.8761202,913.8766826,913.9052101,913.9052101,913.9052101,916.689436,350,1,[2.7836839999072254],[2.783700199914165],paricipant 1,1,2025-11-11_19h03.31.385,intentional binding,,2025.1.1,59.70780197,2025-11-11 19h03.44.965161 +0530,,,,,,,,,,,,,,,,,,,
0.7,1000,exp,134,2,11,space,1.8080517,None,370,1,[3.4146169000305235],[3.4146316000260413],11,2,134,5,916.7041681,,916.6898358,916.7041681,917.68869,917.68869,917.7056877,919.5044277,space,1.8080517,None,919.5057083,920.2038411,920.5363586,920.505158,920.5058475,920.5363586,920.5363586,920.5363586,923.951441,370,1,[3.4146169000305235],[3.4146316000260413],paricipant 1,1,2025-11-11_19h03.31.385,intentional binding,,2025.1.1,59.70780197,2025-11-11 19h03.44.965161 +0530,,,,,,,,,,,,,,,,,,,
0.4,400,unexp,135,3,11,space,0.4065191,None,100,1,[2.299761400092393],[2.299775900086388],11,3,135,1,923.9683863,,923.9518175,923.9683863,924.9514843,924.9514843,924.9685604,925.3702879,space,0.4065191,None,925.3715124,925.7854664,926.099482,926.0854117,926.0859641,926.099482,926.099482,926.099482,928.3997455,100,1,[2.299761400092393],[2.299775900086388],paricipant 1,1,2025-11-11_19h03.31.385,intentional binding,,2025.1.1,59.70780197,2025-11-11 19h03.44.965161 +0530,,,,,,,,,,,,,,,,,,,
0.4,1000,exp,136,4,11,space,0.4067711,None,100,1,[2.3356044000247493],[2.335619800025597],11,4,136,10,928.4168244,,928.4001082,928.4168244,929.4004373,929.4004373,929.4169892,929.8178069,space,0.4067711,None,929.8186876,930.2335453,930.5471914,930.5316169,930.5323746,930.5471914,930.5471914,930.5471914,932.8833214,100,1,[2.3356044000247493],[2.335619800025597],paricipant 1,1,2025-11-11_19h03.31.385,intentional binding,,2025.1.1,59.70780197,2025-11-11 19h03.44.965161 +0530,,,,,,,,,,,,,,,,,,,
0.4,1000,exp,137,5,11,space,0.9151753,None,150,1,[2.2184681000653654],[2.2184786000289023],11,5,137,4,932.8979788,,932.8836804,932.8979788,933.901111,933.901111,933.901111,934.8312284,space,0.9151753,None,934.8328791,935.2312003,935.5459842,935.5257793,935.5264594,935.5459842,935.5459842,935.5459842,937.7648509,150,1,[2.2184681000653654],[2.2184786000289023],paricipant 1,1,2025-11-11_19h03.31.385,intentional binding,,2025.1.1,59.70780197,2025-11-11 19h03.44.965161 +0530,,,,,,,,,,,,,,,,,,,
0.1,400,unexp,138,6,11,space,0.8902071,None,150,1,[3.6166740999324247],[3.61669069994241],11,6,138,0,937.7793181,,937.7651098,937.7793181,938.778704,938.778704,938.778704,939.6783668,space,0.8902071,None,939.6793605,939.7785537,940.093608,940.0773829,940.0779628,940.093608,940.093608,940.093608,943.7107927,150,1,[3.6166740999324247],[3.61669069994241],paricipant 1,1,2025-11-11_19h03.31.385,intentional binding,,2025.1.1,59.70780197,2025-11-11 19h03.44.965161 +0530,,,,,,,,,,,,,,,,,,,
0.1,1000,exp,139,7,11,space,247.7689014,None,100,1,[2.2673025999683887],[2.267316799960099],11,7,139,3,943.7269231,,943.7111735,943.7269231,944.7101368,944.7101368,944.7266153,1192.486239,space,247.7689014,None,1192.487179,1192.602212,1192.917516,1192.90312,1192.903743,1192.917516,1192.917516,1192.917516,1195.185245,100,1,[2.2673025999683887],[2.267316799960099],paricipant 1,1,2025-11-11_19h03.31.385,intentional binding,,2025.1.1,59.70780197,2025-11-11 19h03.44.965161 +0530,,,,,,,,,,,,,,,,,,,
0.1,1000,exp,140,8,11,space,0.5481755,None,100,1,[3.4827305000508204],[3.4827435000333935],11,8,140,9,1195.201324,,1195.18553,1195.201324,1196.200189,1196.200189,1196.218018,1196.752981,space,0.5481755,None,1196.754058,1196.867825,1197.182839,1197.164033,1197.1648,1197.182839,1197.182839,1197.182839,1200.665989,100,1,[3.4827305000508204],[3.4827435000333935],paricipant 1,1,2025-11-11_19h03.31.385,intentional binding,,2025.1.1,59.70780197,2025-11-11 19h03.44.965161 +0530,,,,,,,,,,,,,,,,,,,
0.7,1000,exp,141,9,11,space,0.2997419,None,300,1,[1.7350125999655575],[1.7350342000136152],11,9,141,8,1200.68186,,1200.666339,1200.68186,1201.665874,1201.665874,1201.682208,1201.967581,space,0.2997419,None,1201.968687,1202.68253,1203.013597,1202.985054,1202.98574,1203.013597,1203.013597,1203.013597,1204.749248,300,1,[1.7350125999655575],[1.7350342000136152],paricipant 1,1,2025-11-11_19h03.31.385,intentional binding,,2025.1.1,59.70780197,2025-11-11 19h03.44.965161 +0530,,,,,,,,,,,,,,,,,,,
0.4,1000,exp,142,10,11,space,0.3403628,None,250,1,[2.8175551000749692],[2.81757000007201],11,10,142,7,1204.763587,,1204.749624,1204.763587,1205.764761,1205.764761,1205.764761,1206.114464,space,0.3403628,None,1206.115727,1206.513766,1206.828355,1206.809318,1206.810251,1206.828355,1206.828355,1206.828355,1209.646528,250,1,[2.8175551000749692],[2.81757000007201],paricipant 1,1,2025-11-11_19h03.31.385,intentional binding,,2025.1.1,59.70780197,2025-11-11 19h03.44.965161 +0530,,,,,,,,,,,,,,,,,,,
0.1,1000,exp,143,11,11,space,0.5336199,None,250,1,[2.6018933000741526],[2.601906400057487],11,11,143,6,1209.661853,,1209.646951,1209.661853,1210.662889,1210.662889,1210.662889,1211.212213,space,0.5336199,None,1211.213682,1211.312002,1211.626459,1211.610725,1211.611333,1211.626459,1211.626459,1211.626459,1214.228867,250,1,[2.6018933000741526],[2.601906400057487],paricipant 1,1,2025-11-11_19h03.31.385,intentional binding,,2025.1.1,59.70780197,2025-11-11 19h03.44.965161 +0530,,,,,,,,,,,,,,,,,,,
0.4,1000,exp,144,0,12,space,0.3139407,None,350,1,[2.0192230000393465],[2.0192373000318184],12,0,144,10,1214.243529,,1214.229224,1214.243529,1215.24344,1215.24344,1215.24344,1215.562265,space,0.3139407,None,1215.56402,1215.975696,1216.29104,1216.274765,1216.27537,1216.29104,1216.29104,1216.29104,1218.310815,350,1,[2.0192230000393465],[2.0192373000318184],paricipant 1,1,2025-11-11_19h03.31.385,intentional binding,,2025.1.1,59.70780197,2025-11-11 19h03.44.965161 +0530,,,,,,,,,,,,,,,,,,,
0.1,1000,exp,145,1,12,space,0.3362086,None,250,1,[2.4009924000129104],[2.401006900006905],12,1,145,3,1218.324893,,1218.311147,1218.324893,1219.325436,1219.325436,1219.325436,1219.674641,space,0.3362086,None,1219.675677,1219.774578,1220.0894,1220.07625,1220.076716,1220.0894,1220.0894,1220.0894,1222.490908,250,1,[2.4009924000129104],[2.401006900006905],paricipant 1,1,2025-11-11_19h03.31.385,intentional binding,,2025.1.1,59.70780197,2025-11-11 19h03.44.965161 +0530,,,,,,,,,,,,,,,,,,,
0.1,1000,exp,146,2,12,space,0.4503939,None,300,1,[2.1677841999335214],[2.1677987999282777],12,2,146,6,1222.506391,,1222.491225,1222.506391,1223.507193,1223.507193,1223.507193,1223.958889,space,0.4503939,None,1223.960006,1224.07328,1224.387638,1224.369231,1224.369959,1224.387638,1224.387638,1224.387638,1226.555928,300,1,[2.1677841999335214],[2.1677987999282777],paricipant 1,1,2025-11-11_19h03.31.385,intentional binding,,2025.1.1,59.70780197,2025-11-11 19h03.44.965161 +0530,,,,,,,,,,,,,,,,,,,
0.7,400,unexp,147,3,12,space,0.3640663,None,400,1,[2.3994328000117093],[2.3994421999668702],12,3,147,2,1226.57075,,1226.556264,1226.57075,1227.556132,1227.556132,1227.571,1227.921278,space,0.3640663,None,1227.922497,1228.620361,1228.936104,1228.916005,1228.916845,1228.936104,1228.936104,1228.936104,1231.335873,400,1,[2.3994328000117093],[2.3994421999668702],paricipant 1,1,2025-11-11_19h03.31.385,intentional binding,,2025.1.1,59.70780197,2025-11-11 19h03.44.965161 +0530,,,,,,,,,,,,,,,,,,,
0.7,1000,exp,148,4,12,space,0.3438791,None,150,1,[3.417483900091611],[3.417501400108449],12,4,148,8,1231.353059,,1231.336136,1231.353059,1232.33645,1232.33645,1232.352917,1232.686094,space,0.3438791,None,1232.687374,1233.385282,1233.700315,1233.686316,1233.687016,1233.700315,1233.700315,1233.700315,1237.118268,150,1,[3.417483900091611],[3.417501400108449],paricipant 1,1,2025-11-11_19h03.31.385,intentional binding,,2025.1.1,59.70780197,2025-11-11 19h03.44.965161 +0530,,,,,,,,,,,,,,,,,,,
0.1,400,unexp,149,5,12,space,0.378926,None,100,1,[3.083276199991815],[3.0832891000900418],12,5,149,0,1237.132995,,1237.118593,1237.132995,1238.133063,1238.133063,1238.133063,1238.517366,space,0.378926,None,1238.518453,1238.633812,1238.965058,1238.937905,1238.938637,1238.965058,1238.965058,1238.965058,1242.048747,100,1,[3.083276199991815],[3.0832891000900418],paricipant 1,1,2025-11-11_19h03.31.385,intentional binding,,2025.1.1,59.70780197,2025-11-11 19h03.44.965161 +0530,,,,,,,,,,,,,,,,,,,
0.4,1000,exp,150,6,12,space,0.313976,None,150,1,[2.3017951000947505],[2.301810000091791],12,6,150,4,1242.064078,,1242.049068,1242.064078,1243.0477,1243.0477,1243.064425,1243.366104,space,0.313976,None,1243.367426,1243.780515,1244.095908,1244.075633,1244.076375,1244.095908,1244.095908,1244.095908,1246.398359,150,1,[2.3017951000947505],[2.301810000091791],paricipant 1,1,2025-11-11_19h03.31.385,intentional binding,,2025.1.1,59.70780197,2025-11-11 19h03.44.965161 +0530,,,,,,,,,,,,,,,,,,,
0.7,1000,exp,151,7,12,space,0.6406267,None,320,1,[3.335323400096968],[3.3353426000103354],12,7,151,11,1246.412029,,1246.398726,1246.412029,1247.412516,1247.412516,1247.412516,1248.063577,space,0.6406267,None,1248.064836,1248.762806,1249.076353,1249.061077,1249.061703,1249.076353,1249.076353,1249.076353,1252.412183,320,1,[3.335323400096968],[3.3353426000103354],paricipant 1,1,2025-11-11_19h03.31.385,intentional binding,,2025.1.1,59.70780197,2025-11-11 19h03.44.965161 +0530,,,,,,,,,,,,,,,,,,,
0.1,1000,exp,152,8,12,space,0.3397323,None,100,1,[2.318170699989423],[2.318186099990271],12,8,152,9,1252.427193,,1252.413214,1252.427193,1253.427208,1253.427208,1253.427208,1253.777866,space,0.3397323,None,1253.778821,1253.87704,1254.191057,1254.174378,1254.175094,1254.191057,1254.191057,1254.191057,1256.509728,100,1,[2.318170699989423],[2.318186099990271],paricipant 1,1,2025-11-11_19h03.31.385,intentional binding,,2025.1.1,59.70780197,2025-11-11 19h03.44.965161 +0530,,,,,,,,,,,,,,,,,,,
0.4,400,unexp,153,9,12,space,0.3406513,None,200,1,[3.9663567999377847],[3.9663752999622375],12,9,153,1,1256.525514,,1256.510091,1256.525514,1257.525768,1257.525768,1257.525768,1257.875388,space,0.3406513,None,1257.876714,1258.275047,1258.60666,1258.578808,1258.579557,1258.60666,1258.60666,1258.60666,1262.573528,200,1,[3.9663567999377847],[3.9663752999622375],paricipant 1,1,2025-11-11_19h03.31.385,intentional binding,,2025.1.1,59.70780197,2025-11-11 19h03.44.965161 +0530,,,,,,,,,,,,,,,,,,,
0.7,1000,exp,154,10,12,space,0.4192215,None,250,1,[3.8846821000333875],[3.8846973000327125],12,10,154,5,1262.588891,,1262.573885,1262.588891,1263.572915,1263.572915,1263.588983,1264.006919,space,0.4192215,None,1264.007865,1264.722814,1265.036907,1265.01829,1265.019375,1265.036907,1265.036907,1265.036907,1268.922133,250,1,[3.8846821000333875],[3.8846973000327125],paricipant 1,1,2025-11-11_19h03.31.385,intentional binding,,2025.1.1,59.70780197,2025-11-11 19h03.44.965161 +0530,,,,,,,,,,,,,,,,,,,
0.4,1000,exp,155,11,12,space,0.4680072,None,100,1,[2.8500863999361172],[2.8501060999697074],12,11,155,7,1268.937018,,1268.922613,1268.937018,1269.936646,1269.936646,1269.953039,1270.420217,space,0.4680072,None,1270.421344,1270.835308,1271.150656,1271.133113,1271.133857,1271.150656,1271.150656,1271.150656,1274.001328,100,1,[2.8500863999361172],[2.8501060999697074],paricipant 1,1,2025-11-11_19h03.31.385,intentional binding,,2025.1.1,59.70780197,2025-11-11 19h03.44.965161 +0530,,,,,,,,,,,,,,,,,,,
0.1,1000,exp,156,0,13,space,0.7240797,None,100,1,[2.133564200019464],[2.1335820999229327],13,0,156,9,1274.016835,,1274.001689,1274.016835,1275.000904,1275.000904,1275.017832,1275.734201,space,0.7240797,None,1275.735286,1275.834745,1276.165938,1276.148439,1276.149075,1276.165938,1276.165938,1276.165938,1278.300011,100,1,[2.133564200019464],[2.1335820999229327],paricipant 1,1,2025-11-11_19h03.31.385,intentional binding,,2025.1.1,59.70780197,2025-11-11 19h03.44.965161 +0530,,,,,,,,,,,,,,,,,,,
0.4,1000,exp,157,1,13,space,0.4183478,None,120,1,[4.94945039995946],[4.94946939998772],13,1,157,10,1278.3155,,1278.300381,1278.3155,1279.298496,1279.298496,1279.316669,1279.73377,space,0.4183478,None,1279.734798,1280.148668,1280.463655,1280.446582,1280.447427,1280.463655,1280.463655,1280.463655,1285.413646,120,1,[4.94945039995946],[4.94946939998772],paricipant 1,1,2025-11-11_19h03.31.385,intentional binding,,2025.1.1,59.70780197,2025-11-11 19h03.44.965161 +0530,,,,,,,,,,,,,,,,,,,
0.7,1000,exp,158,2,13,space,1.8472306,None,500,1,[1.6532138000475243],[1.653229400049895],13,2,158,8,1285.429112,,1285.414075,1285.429112,1286.412063,1286.412063,1286.428943,1288.263816,space,1.8472306,None,1288.265136,1288.963114,1289.275861,1289.262121,1289.263165,1289.275861,1289.275861,1289.275861,1290.929512,500,1,[1.6532138000475243],[1.653229400049895],paricipant 1,1,2025-11-11_19h03.31.385,intentional binding,,2025.1.1,59.70780197,2025-11-11 19h03.44.965161 +0530,,,,,,,,,,,,,,,,,,,
0.7,1000,exp,159,3,13,space,0.326615,None,450,1,[3.2508043000707403],[3.2508182000601664],13,3,159,5,1290.942626,,1290.92987,1290.942626,1291.942913,1291.942913,1291.942913,1292.277366,space,0.326615,None,1292.278831,1292.992804,1293.30809,1293.28764,1293.288459,1293.30809,1293.30809,1293.30809,1296.559412,450,1,[3.2508043000707403],[3.2508182000601664],paricipant 1,1,2025-11-11_19h03.31.385,intentional binding,,2025.1.1,59.70780197,2025-11-11 19h03.44.965161 +0530,,,,,,,,,,,,,,,,,,,
0.4,400,unexp,160,4,13,space,2.2263384,None,350,1,[2.2014545999700204],[2.2014715999830514],13,4,160,1,1296.574331,,1296.559736,1296.574331,1297.574082,1297.574082,1297.574082,1299.807127,space,2.2263384,None,1299.808186,1300.206442,1300.537792,1300.507235,1300.507996,1300.537792,1300.537792,1300.537792,1302.73975,350,1,[2.2014545999700204],[2.2014715999830514],paricipant 1,1,2025-11-11_19h03.31.385,intentional binding,,2025.1.1,59.70780197,2025-11-11 19h03.44.965161 +0530,,,,,,,,,,,,,,,,,,,
0.1,400,unexp,161,5,13,space,0.4139203,None,200,1,[1.8018355999374762],[1.8018495999276638],13,5,161,0,1302.755326,,1302.740154,1302.755326,1303.755257,1303.755257,1303.755257,1304.173177,space,0.4139203,None,1304.174339,1304.288125,1304.602981,1304.586042,1304.586998,1304.602981,1304.602981,1304.602981,1306.405308,200,1,[1.8018355999374762],[1.8018495999276638],paricipant 1,1,2025-11-11_19h03.31.385,intentional binding,,2025.1.1,59.70780197,2025-11-11 19h03.44.965161 +0530,,,,,,,,,,,,,,,,,,,
0.1,1000,exp,162,6,13,space,0.3261923,None,120,1,[1.8509378000162542],[1.8509531000163406],13,6,162,3,1306.41959,,1306.405648,1306.41959,1307.420682,1307.420682,1307.420682,1307.753445,space,0.3261923,None,1307.754646,1307.85341,1308.168067,1308.148024,1308.148702,1308.168067,1308.168067,1308.168067,1310.01949,120,1,[1.8509378000162542],[1.8509531000163406],paricipant 1,1,2025-11-11_19h03.31.385,intentional binding,,2025.1.1,59.70780197,2025-11-11 19h03.44.965161 +0530,,,,,,,,,,,,,,,,,,,
0.7,400,unexp,163,7,13,space,0.2515275,None,300,1,[2.1195691999746487],[2.1195935999276116],13,7,163,2,1310.034566,,1310.019865,1310.034566,1311.036902,1311.036902,1311.036902,1311.302448,space,0.2515275,None,1311.303776,1312.017769,1312.333138,1312.317253,1312.317817,1312.333138,1312.333138,1312.333138,1314.453399,300,1,[2.1195691999746487],[2.1195935999276116],paricipant 1,1,2025-11-11_19h03.31.385,intentional binding,,2025.1.1,59.70780197,2025-11-11 19h03.44.965161 +0530,,,,,,,,,,,,,,,,,,,
0.4,1000,exp,164,8,13,space,168.7069554,None,120,1,[2.9683513999916613],[2.9683656999841332],13,8,164,7,1314.466626,,1314.453803,1314.466626,1315.46689,1315.46689,1315.46689,1484.181445,space,168.7069554,None,1484.183025,1484.593844,1484.908282,1484.893748,1484.8943,1484.908282,1484.908282,1484.908282,1487.877129,120,1,[2.9683513999916613],[2.9683656999841332],paricipant 1,1,2025-11-11_19h03.31.385,intentional binding,,2025.1.1,59.70780197,2025-11-11 19h03.44.965161 +0530,,,,,,,,,,,,,,,,,,,
0.4,1000,exp,165,9,13,space,0.334625,None,150,1,[2.149799400009215],[2.149812599993311],13,9,165,4,1487.891836,,1487.877472,1487.891836,1488.876125,1488.876125,1488.892328,1489.226142,space,0.334625,None,1489.227138,1489.64278,1489.974397,1489.957075,1489.957771,1489.974397,1489.974397,1489.974397,1492.124662,150,1,[2.149799400009215],[2.149812599993311],paricipant 1,1,2025-11-11_19h03.31.385,intentional binding,,2025.1.1,59.70780197,2025-11-11 19h03.44.965161 +0530,,,,,,,,,,,,,,,,,,,
0.7,1000,exp,166,10,13,space,2.9210332,None,250,1,[3.848458499996923],[3.848474600003101],13,10,166,11,1492.139436,,1492.125035,1492.139436,1493.139945,1493.139945,1493.139945,1496.073152,space,2.9210332,None,1496.074158,1496.772866,1497.104764,1497.087437,1497.088145,1497.104764,1497.104764,1497.104764,1500.953788,250,1,[3.848458499996923],[3.848474600003101],paricipant 1,1,2025-11-11_19h03.31.385,intentional binding,,2025.1.1,59.70780197,2025-11-11 19h03.44.965161 +0530,,,,,,,,,,,,,,,,,,,
0.1,1000,exp,167,11,13,space,0.2648064,None,100,1,[2.0178972999565303],[2.017912899958901],13,11,167,6,1500.968717,,1500.954147,1500.968717,1501.969454,1501.969454,1501.969454,1502.238098,space,0.2648064,None,1502.239289,1502.352713,1502.667399,1502.651283,1502.651901,1502.667399,1502.667399,1502.667399,1504.685792,100,1,[2.0178972999565303],[2.017912899958901],paricipant 1,1,2025-11-11_19h03.31.385,intentional binding,,2025.1.1,59.70780197,2025-11-11 19h03.44.965161 +0530,,,,,,,,,,,,,,,,,,,
0.4,1000,exp,168,0,14,space,0.2451673,None,200,1,[2.3833837000420317],[2.383394500007853],14,0,168,10,1504.701587,,1504.686179,1504.701587,1505.684986,1505.684986,1505.701066,1505.936832,space,0.2451673,None,1505.937818,1506.351217,1506.666607,1506.646158,1506.646722,1506.666607,1506.666607,1506.666607,1509.050388,200,1,[2.3833837000420317],[2.383394500007853],paricipant 1,1,2025-11-11_19h03.31.385,intentional binding,,2025.1.1,59.70780197,2025-11-11 19h03.44.965161 +0530,,,,,,,,,,,,,,,,,,,
0.7,1000,exp,169,1,14,space,0.2861973,None,400,1,[3.1852488999720663],[3.185262499959208],14,1,169,11,1509.065865,,1509.050655,1509.065865,1510.067769,1510.067769,1510.067769,1510.367617,space,0.2861973,None,1510.36882,1511.082576,1511.396918,1511.377039,1511.377809,1511.396918,1511.396918,1511.396918,1514.582917,400,1,[3.1852488999720663],[3.185262499959208],paricipant 1,1,2025-11-11_19h03.31.385,intentional binding,,2025.1.1,59.70780197,2025-11-11 19h03.44.965161 +0530,,,,,,,,,,,,,,,,,,,
0.1,1000,exp,170,2,14,space,0.3837741,None,500,1,[3.0504708999069408],[3.0504877999192104],14,2,170,9,1514.597447,,1514.58327,1514.597447,1515.597708,1515.597708,1515.597708,1515.982748,space,0.3837741,None,1515.983895,1516.096599,1516.428407,1516.39753,1516.398162,1516.428407,1516.428407,1516.428407,1519.47938,500,1,[3.0504708999069408],[3.0504877999192104],paricipant 1,1,2025-11-11_19h03.31.385,intentional binding,,2025.1.1,59.70780197,2025-11-11 19h03.44.965161 +0530,,,,,,,,,,,,,,,,,,,
0.4,400,unexp,171,3,14,space,0.3235633,None,200,1,[2.185701899928972],[2.1857166999252513],14,3,171,1,1519.494523,,1519.479736,1519.494523,1520.47954,1520.47954,1520.496268,1520.811655,space,0.3235633,None,1520.812895,1521.211423,1521.526535,1521.506452,1521.507231,1521.526535,1521.526535,1521.526535,1523.712846,200,1,[2.185701899928972],[2.1857166999252513],paricipant 1,1,2025-11-11_19h03.31.385,intentional binding,,2025.1.1,59.70780197,2025-11-11 19h03.44.965161 +0530,,,,,,,,,,,,,,,,,,,
0.1,1000,exp,172,4,14,space,0.2380212,None,250,1,[169.59589719993528],[169.595907800016],14,4,172,6,1523.72636,,1523.713201,1523.72636,1524.726971,1524.726971,1524.726971,1524.978386,space,0.2380212,None,1524.979538,1525.092296,1525.407463,1525.390165,1525.390916,1525.407463,1525.407463,1525.407463,1695.003737,250,1,[169.59589719993528],[169.595907800016],paricipant 1,1,2025-11-11_19h03.31.385,intentional binding,,2025.1.1,59.70780197,2025-11-11 19h03.44.965161 +0530,,,,,,,,,,,,,,,,,,,
0.4,1000,exp,173,5,14,space,0.7319043,None,350,1,[3.6511615000199527],[3.6511723999865353],14,5,173,4,1695.018632,,1695.004007,1695.018632,1696.004023,1696.004023,1696.018869,1696.738829,space,0.7319043,None,1696.739858,1697.154156,1697.48451,1697.457053,1697.457649,1697.48451,1697.48451,1697.48451,1701.136129,350,1,[3.6511615000199527],[3.6511723999865353],paricipant 1,1,2025-11-11_19h03.31.385,intentional binding,,2025.1.1,59.70780197,2025-11-11 19h03.44.965161 +0530,,,,,,,,,,,,,,,,,,,
0.7,1000,exp,174,6,14,space,0.5870033,None,400,1,[2.3849061999935657],[2.384920099982992],14,6,174,8,1701.149268,,1701.136393,1701.149268,1702.150563,1702.150563,1702.150563,1702.750476,space,0.5870033,None,1702.751695,1703.449643,1703.763929,1703.744368,1703.745084,1703.763929,1703.763929,1703.763929,1706.149337,400,1,[2.3849061999935657],[2.384920099982992],paricipant 1,1,2025-11-11_19h03.31.385,intentional binding,,2025.1.1,59.70780197,2025-11-11 19h03.44.965161 +0530,,,,,,,,,,,,,,,,,,,
0.1,1000,exp,175,7,14,space,0.3121413,None,240,1,[3.083675600006245],[3.083689899998717],14,7,175,3,1706.165401,,1706.14973,1706.165401,1707.165306,1707.165306,1707.165306,1707.482361,space,0.3121413,None,1707.483809,1707.598791,1707.929467,1707.899352,1707.89996,1707.929467,1707.929467,1707.929467,1711.013865,240,1,[3.083675600006245],[3.083689899998717],paricipant 1,1,2025-11-11_19h03.31.385,intentional binding,,2025.1.1,59.70780197,2025-11-11 19h03.44.965161 +0530,,,,,,,,,,,,,,,,,,,
0.7,1000,exp,176,8,14,space,0.4094053,None,350,1,[2.834746899898164],[2.8347626999020576],14,8,176,5,1711.02872,,1711.014301,1711.02872,1712.029202,1712.029202,1712.029202,1712.446145,space,0.4094053,None,1712.447345,1713.161225,1713.476989,1713.460001,1713.460859,1713.476989,1713.476989,1713.476989,1716.31229,350,1,[2.834746899898164],[2.8347626999020576],paricipant 1,1,2025-11-11_19h03.31.385,intentional binding,,2025.1.1,59.70780197,2025-11-11 19h03.44.965161 +0530,,,,,,,,,,,,,,,,,,,
0.7,400,unexp,177,9,14,space,0.2981458,None,500,1,[2.386194200022146],[2.386209800024517],14,9,177,2,1716.32683,,1716.313248,1716.32683,1717.326061,1717.326061,1717.326061,1717.627115,space,0.2981458,None,1717.627945,1718.344593,1718.674914,1718.648238,1718.648925,1718.674914,1718.674914,1718.674914,1721.061589,500,1,[2.386194200022146],[2.386209800024517],paricipant 1,1,2025-11-11_19h03.31.385,intentional binding,,2025.1.1,59.70780197,2025-11-11 19h03.44.965161 +0530,,,,,,,,,,,,,,,,,,,
0.1,400,unexp,178,10,14,space,0.283691,None,350,1,[2.785588400089182],[2.7856039000907913],14,10,178,0,1721.074312,,1721.06224,1721.074312,1722.074378,1722.074378,1722.074378,1722.360838,space,0.283691,None,1722.361825,1722.474512,1722.806791,1722.778992,1722.779683,1722.806791,1722.806791,1722.806791,1725.592828,350,1,[2.785588400089182],[2.7856039000907913],paricipant 1,1,2025-11-11_19h03.31.385,intentional binding,,2025.1.1,59.70780197,2025-11-11 19h03.44.965161 +0530,,,,,,,,,,,,,,,,,,,
0.4,1000,exp,179,11,14,space,0.3613711,None,120,1,[2.5520120000001043],[2.5520308000268415],14,11,179,7,1725.605387,,1725.593215,1725.605387,1726.606399,1726.606399,1726.606399,1726.973645,space,0.3613711,None,1726.974756,1727.374587,1727.704317,1727.679889,1727.680648,1727.704317,1727.704317,1727.704317,1730.256907,120,1,[2.5520120000001043],[2.5520308000268415],paricipant 1,1,2025-11-11_19h03.31.385,intentional binding,,2025.1.1,59.70780197,2025-11-11 19h03.44.965161 +0530,,,,,,,,,,,,,,,,,,,
0.7,1000,exp,180,0,15,space,0.2070072,None,250,1,[2.7519278000108898],[2.7519474000437185],15,0,180,11,1730.270053,,1730.257267,1730.270053,1731.271046,1731.271046,1731.271046,1731.488674,space,0.2070072,None,1731.489723,1732.203526,1732.518461,1732.504524,1732.505076,1732.518461,1732.518461,1732.518461,1735.271258,250,1,[2.7519278000108898],[2.7519474000437185],paricipant 1,1,2025-11-11_19h03.31.385,intentional binding,,2025.1.1,59.70780197,2025-11-11 19h03.44.965161 +0530,,,,,,,,,,,,,,,,,,,
0.1,1000,exp,181,1,15,space,0.3155138,None,350,1,[3.1504054000834003],[3.1504219999769703],15,1,181,9,1735.285632,,1735.271691,1735.285632,1736.285689,1736.285689,1736.285689,1736.603347,space,0.3155138,None,1736.60451,1736.717716,1737.0329,1737.015963,1737.016586,1737.0329,1737.0329,1737.0329,1740.183803,350,1,[3.1504054000834003],[3.1504219999769703],paricipant 1,1,2025-11-11_19h03.31.385,intentional binding,,2025.1.1,59.70780197,2025-11-11 19h03.44.965161 +0530,,,,,,,,,,,,,,,,,,,
0.7,1000,exp,182,2,15,space,18.9007558,None,340,1,[3.516993499943055],[3.5170040999073535],15,2,182,8,1740.199361,,1740.184194,1740.199361,1741.184139,1741.184139,1741.199743,1760.092175,space,18.9007558,None,1760.093621,1760.792539,1761.123212,1761.097407,1761.098104,1761.123212,1761.123212,1761.123212,1764.640578,340,1,[3.516993499943055],[3.5170040999073535],paricipant 1,1,2025-11-11_19h03.31.385,intentional binding,,2025.1.1,59.70780197,2025-11-11 19h03.44.965161 +0530,,,,,,,,,,,,,,,,,,,
0.1,400,unexp,183,3,15,space,0.6672076,None,120,1,[2.9171831998974085],[2.917203399934806],15,3,183,0,1764.655737,,1764.640814,1764.655737,1765.638891,1765.638891,1765.65715,1766.308567,space,0.6672076,None,1766.309611,1766.408269,1766.738427,1766.721791,1766.722631,1766.738427,1766.738427,1766.738427,1769.656198,120,1,[2.9171831998974085],[2.917203399934806],paricipant 1,1,2025-11-11_19h03.31.385,intentional binding,,2025.1.1,59.70780197,2025-11-11 19h03.44.965161 +0530,,,,,,,,,,,,,,,,,,,
0.1,1000,exp,184,4,15,space,0.3350165,None,200,1,[2.4002447999082506],[2.4002626999281347],15,4,184,3,1769.670581,,1769.656841,1769.670581,1770.669723,1770.669723,1770.669723,1771.019614,space,0.3350165,None,1771.020321,1771.121367,1771.451964,1771.423137,1771.423694,1771.451964,1771.451964,1771.451964,1773.853476,200,1,[2.4002447999082506],[2.4002626999281347],paricipant 1,1,2025-11-11_19h03.31.385,intentional binding,,2025.1.1,59.70780197,2025-11-11 19h03.44.965161 +0530,,,,,,,,,,,,,,,,,,,
0.7,400,unexp,185,5,15,space,0.8797253,None,300,1,[3.269030199968256],[3.2690463999751955],15,5,185,2,1773.867908,,1773.853869,1773.867908,1774.868138,1774.868138,1774.868138,1775.753594,space,0.8797253,None,1775.75489,1776.468417,1776.799771,1776.768464,1776.769213,1776.799771,1776.799771,1776.799771,1780.069295,300,1,[3.269030199968256],[3.2690463999751955],paricipant 1,1,2025-11-11_19h03.31.385,intentional binding,,2025.1.1,59.70780197,2025-11-11 19h03.44.965161 +0530,,,,,,,,,,,,,,,,,,,
0.4,400,unexp,186,6,15,space,0.3832598,None,320,1,[3.000744999968447],[3.000759100075811],15,6,186,1,1780.082073,,1780.069644,1780.082073,1781.082805,1781.082805,1781.082805,1781.467307,space,0.3832598,None,1781.468562,1781.869229,1782.197367,1782.168719,1782.169371,1782.197367,1782.197367,1782.197367,1785.198603,320,1,[3.000744999968447],[3.000759100075811],paricipant 1,1,2025-11-11_19h03.31.385,intentional binding,,2025.1.1,59.70780197,2025-11-11 19h03.44.965161 +0530,,,,,,,,,,,,,,,,,,,
0.1,1000,exp,187,7,15,space,0.5697926,None,120,1,[2.6521444999380037],[2.6521960999816656],15,7,187,6,1785.21399,,1785.198976,1785.21399,1786.213614,1786.213614,1786.213614,1786.79663,space,0.5697926,None,1786.797436,1786.896791,1787.211281,1787.19475,1787.19557,1787.211281,1787.211281,1787.211281,1789.863952,120,1,[2.6521444999380037],[2.6521960999816656],paricipant 1,1,2025-11-11_19h03.31.385,intentional binding,,2025.1.1,59.70780197,2025-11-11 19h03.44.965161 +0530,,,,,,,,,,,,,,,,,,,
0.4,1000,exp,188,8,15,space,105.5079095,None,150,1,[3.6516582999611273],[3.651671399944462],15,8,188,4,1789.878318,,1789.86435,1789.878318,1790.878992,1790.878992,1790.878992,1896.400192,space,105.5079095,None,1896.401327,1896.816201,1897.130233,1897.114015,1897.115009,1897.130233,1897.130233,1897.130233,1900.782313,150,1,[3.6516582999611273],[3.651671399944462],paricipant 1,1,2025-11-11_19h03.31.385,intentional binding,,2025.1.1,59.70780197,2025-11-11 19h03.44.965161 +0530,,,,,,,,,,,,,,,,,,,
0.4,1000,exp,189,9,15,space,0.4543885,None,200,1,[3.0840339000569656],[3.084051899961196],15,9,189,10,1900.797671,,1900.782762,1900.797671,1901.806659,1901.806659,1901.806659,1902.26603,space,0.4543885,None,1902.267299,1902.679984,1902.995064,1902.977493,1902.978777,1902.995064,1902.995064,1902.995064,1906.079601,200,1,[3.0840339000569656],[3.084051899961196],paricipant 1,1,2025-11-11_19h03.31.385,intentional binding,,2025.1.1,59.70780197,2025-11-11 19h03.44.965161 +0530,,,,,,,,,,,,,,,,,,,
0.7,1000,exp,190,10,15,space,0.9622526,None,200,1,[2.783103200024925],[2.7831178000196815],15,10,190,5,1906.094878,,1906.079956,1906.094878,1907.094805,1907.094805,1907.094805,1908.061646,space,0.9622526,None,1908.063009,1908.761242,1909.076745,1909.056957,1909.057671,1909.076745,1909.076745,1909.076745,1911.86034,200,1,[2.783103200024925],[2.7831178000196815],paricipant 1,1,2025-11-11_19h03.31.385,intentional binding,,2025.1.1,59.70780197,2025-11-11 19h03.44.965161 +0530,,,,,,,,,,,,,,,,,,,
0.4,1000,exp,191,11,15,space,3.8394828,None,130,1,[5.966846699942835],[5.966861599939875],15,11,191,7,1911.87589,,1911.860714,1911.87589,1912.87622,1912.87622,1912.87622,1916.724447,space,3.8394828,None,1916.725622,1917.124011,1917.456073,1917.426476,1917.427139,1917.456073,1917.456073,1917.456073,1923.423463,130,1,[5.966846699942835],[5.966861599939875],paricipant 1,1,2025-11-11_19h03.31.385,intentional binding,,2025.1.1,59.70780197,2025-11-11 19h03.44.965161 +0530,,,,,,,,,,,,,,,,,,,
0.4,1000,exp,192,0,16,space,0.4250736,None,300,1,[2.2334615000290796],[2.2334742000093684],16,0,192,4,1923.437361,,1923.423723,1923.437361,1924.438147,1924.438147,1924.438147,1924.871394,space,0.4250736,None,1924.872871,1925.28706,1925.602135,1925.588024,1925.588646,1925.602135,1925.602135,1925.602135,1927.836002,300,1,[2.2334615000290796],[2.2334742000093684],paricipant 1,1,2025-11-11_19h03.31.385,intentional binding,,2025.1.1,59.70780197,2025-11-11 19h03.44.965161 +0530,,,,,,,,,,,,,,,,,,,
0.7,1000,exp,193,1,16,space,0.2960163,None,400,1,[2.517830199911259],[2.5178436000132933],16,1,193,8,1927.851744,,1927.836299,1927.851744,1928.851901,1928.851901,1928.851901,1929.153262,space,0.2960163,None,1929.15429,1929.868569,1930.183436,1930.164616,1930.165378,1930.183436,1930.183436,1930.183436,1932.701629,400,1,[2.517830199911259],[2.5178436000132933],paricipant 1,1,2025-11-11_19h03.31.385,intentional binding,,2025.1.1,59.70780197,2025-11-11 19h03.44.965161 +0530,,,,,,,,,,,,,,,,,,,
0.4,1000,exp,194,2,16,space,0.7405996,None,350,1,[3.066735800006427],[3.066749699995853],16,2,194,10,1932.717289,,1932.70206,1932.717289,1933.716701,1933.716701,1933.716701,1934.468135,space,0.7405996,None,1934.469188,1934.883335,1935.197581,1935.184147,1935.184727,1935.197581,1935.197581,1935.197581,1938.264709,350,1,[3.066735800006427],[3.066749699995853],paricipant 1,1,2025-11-11_19h03.31.385,intentional binding,,2025.1.1,59.70780197,2025-11-11 19h03.44.965161 +0530,,,,,,,,,,,,,,,,,,,
0.4,400,unexp,195,3,16,space,0.2980741,None,250,1,[3.0003855999093503],[3.000399199896492],16,3,195,1,1938.280858,,1938.265002,1938.280858,1939.264902,1939.264902,1939.281037,1939.566709,space,0.2980741,None,1939.5677,1939.98032,1940.295532,1940.274733,1940.27565,1940.295532,1940.295532,1940.295532,1943.296338,250,1,[3.0003855999093503],[3.000399199896492],paricipant 1,1,2025-11-11_19h03.31.385,intentional binding,,2025.1.1,59.70780197,2025-11-11 19h03.44.965161 +0530,,,,,,,,,,,,,,,,,,,
0.1,1000,exp,196,4,16,space,0.3164571,None,150,1,[3.0680688999127597],[3.068084199912846],16,4,196,9,1943.311581,,1943.296677,1943.311581,1944.312191,1944.312191,1944.312191,1944.631554,space,0.3164571,None,1944.633153,1944.745332,1945.060013,1945.043499,1945.044366,1945.060013,1945.060013,1945.060013,1948.128558,150,1,[3.0680688999127597],[3.068084199912846],paricipant 1,1,2025-11-11_19h03.31.385,intentional binding,,2025.1.1,59.70780197,2025-11-11 19h03.44.965161 +0530,,,,,,,,,,,,,,,,,,,
0.7,1000,exp,197,5,16,space,283.5275927,None,120,1,[3.5973641999298707],[3.5973791999276727],16,5,197,5,1948.151648,,1948.128923,1948.151648,1949.1434,1949.1434,1949.15965,2232.673063,space,283.5275927,None,2232.674312,2233.387204,2233.706279,2233.684864,2233.685627,2233.706279,2233.706279,2233.706279,2237.304182,120,1,[3.5973641999298707],[3.5973791999276727],paricipant 1,1,2025-11-11_19h03.31.385,intentional binding,,2025.1.1,59.70780197,2025-11-11 19h03.44.965161 +0530,,,,,,,,,,,,,,,,,,,
0.7,1000,exp,198,6,16,space,0.3581897,None,500,1,[2.2684574000304565],[2.2684753000503406],16,6,198,11,2237.318052,,2237.304516,2237.318052,2238.318803,2238.318803,2238.318803,2238.686295,space,0.3581897,None,2238.687422,2239.385422,2239.699309,2239.68668,2239.687334,2239.699309,2239.699309,2239.699309,2241.96825,500,1,[2.2684574000304565],[2.2684753000503406],paricipant 1,1,2025-11-11_19h03.31.385,intentional binding,,2025.1.1,59.70780197,2025-11-11 19h03.44.965161 +0530,,,,,,,,,,,,,,,,,,,
0.7,400,unexp,199,7,16,space,0.2863112,None,400,1,[2.3833371999207884],[2.383351400028914],16,7,199,2,2241.984147,,2241.968615,2241.984147,2242.983207,2242.983207,2242.983207,2243.284046,space,0.2863112,None,2243.284991,2243.984219,2244.315562,2244.287449,2244.288118,2244.315562,2244.315562,2244.315562,2246.699426,400,1,[2.3833371999207884],[2.383351400028914],paricipant 1,1,2025-11-11_19h03.31.385,intentional binding,,2025.1.1,59.70780197,2025-11-11 19h03.44.965161 +0530,,,,,,,,,,,,,,,,,,,
0.1,400,unexp,200,8,16,space,0.3866219,None,200,1,[2.650525699951686],[2.6505389999365434],16,8,200,0,2246.714832,,2246.699785,2246.714832,2247.714531,2247.714531,2247.714531,2248.116175,space,0.3866219,None,2248.11723,2248.229836,2248.546405,2248.527218,2248.528179,2248.546405,2248.546405,2248.546405,2251.197489,200,1,[2.650525699951686],[2.6505389999365434],paricipant 1,1,2025-11-11_19h03.31.385,intentional binding,,2025.1.1,59.70780197,2025-11-11 19h03.44.965161 +0530,,,,,,,,,,,,,,,,,,,
0.1,1000,exp,201,9,16,space,0.4994676,None,150,1,[2.566827700007707],[2.566846000030637],16,9,201,3,2251.212386,,2251.197933,2251.212386,2252.212732,2252.212732,2252.212732,2252.713977,space,0.4994676,None,2252.71503,2252.81391,2253.144653,2253.115935,2253.116515,2253.144653,2253.144653,2253.144653,2255.712127,150,1,[2.566827700007707],[2.566846000030637],paricipant 1,1,2025-11-11_19h03.31.385,intentional binding,,2025.1.1,59.70780197,2025-11-11 19h03.44.965161 +0530,,,,,,,,,,,,,,,,,,,
0.4,1000,exp,202,10,16,space,0.326646,None,250,1,[2.9518410000018775],[2.9518593000248075],16,10,202,7,2255.72752,,2255.712629,2255.72752,2256.726821,2256.726821,2256.726821,2257.060765,space,0.326646,None,2257.061809,2257.460353,2257.775737,2257.757466,2257.758111,2257.775737,2257.775737,2257.775737,2260.72804,250,1,[2.9518410000018775],[2.9518593000248075],paricipant 1,1,2025-11-11_19h03.31.385,intentional binding,,2025.1.1,59.70780197,2025-11-11 19h03.44.965161 +0530,,,,,,,,,,,,,,,,,,,
0.1,1000,exp,203,11,16,space,158.4458604,None,150,1,[3.3500445000827312],[3.3500616000965238],16,11,203,6,2260.741463,,2260.728368,2260.741463,2261.742458,2261.742458,2261.742458,2420.19318,space,158.4458604,None,2420.194576,2420.306527,2420.621739,2420.603594,2420.604348,2420.621739,2420.621739,2420.621739,2423.972387,150,1,[3.3500445000827312],[3.3500616000965238],paricipant 1,1,2025-11-11_19h03.31.385,intentional binding,,2025.1.1,59.70780197,2025-11-11 19h03.44.965161 +0530,,,,,,,,,,,,,,,,,,,
0.7,1000,exp,204,0,17,space,0.3221501,None,400,1,[2.2516695000231266],[2.251683700014837],17,0,204,8,2423.987607,,2423.973019,2423.987607,2424.971589,2424.971589,2424.988235,2425.305333,space,0.3221501,None,2425.306502,2426.020291,2426.336519,2426.319081,2426.319874,2426.336519,2426.336519,2426.336519,2428.588704,400,1,[2.2516695000231266],[2.251683700014837],paricipant 1,1,2025-11-11_19h03.31.385,intentional binding,,2025.1.1,59.70780197,2025-11-11 19h03.44.965161 +0530,,,,,,,,,,,,,,,,,,,
0.1,1000,exp,205,1,17,space,0.2975812,None,200,1,[2.018367199925706],[2.018382499925792],17,1,205,3,2428.603044,,2428.589032,2428.603044,2429.602932,2429.602932,2429.602932,2429.904576,space,0.2975812,None,2429.905649,2430.019601,2430.33368,2430.319237,2430.319894,2430.33368,2430.33368,2430.33368,2432.352527,200,1,[2.018367199925706],[2.018382499925792],paricipant 1,1,2025-11-11_19h03.31.385,intentional binding,,2025.1.1,59.70780197,2025-11-11 19h03.44.965161 +0530,,,,,,,,,,,,,,,,,,,
0.7,1000,exp,206,2,17,space,1.5502087,None,250,1,[3.3332643000176176],[3.333280500024557],17,2,206,11,2432.368098,,2432.353377,2432.368098,2433.368083,2433.368083,2433.368083,2434.919591,space,1.5502087,None,2434.920721,2435.634317,2435.965802,2435.937012,2435.937566,2435.965802,2435.965802,2435.965802,2439.299544,250,1,[3.3332643000176176],[3.333280500024557],paricipant 1,1,2025-11-11_19h03.31.385,intentional binding,,2025.1.1,59.70780197,2025-11-11 19h03.44.965161 +0530,,,,,,,,,,,,,,,,,,,
0.1,1000,exp,207,3,17,space,120.727193,None,150,1,[4.217136799939908],[4.217154599959031],17,3,207,6,2439.314848,,2439.299909,2439.314848,2440.316349,2440.316349,2440.316349,2561.048664,space,120.727193,None,2561.049813,2561.163985,2561.477313,2561.464079,2561.464841,2561.477313,2561.477313,2561.477313,2565.694986,150,1,[4.217136799939908],[4.217154599959031],paricipant 1,1,2025-11-11_19h03.31.385,intentional binding,,2025.1.1,59.70780197,2025-11-11 19h03.44.965161 +0530,,,,,,,,,,,,,,,,,,,
0.4,1000,exp,208,4,17,space,34.5994726,None,150,1,[2.76855160004925],[2.7685669000493363],17,4,208,4,2565.71077,,2565.695366,2565.71077,2566.697628,2566.697628,2566.710854,2601.313388,space,34.5994726,None,2601.314438,2601.728757,2602.043614,2602.027719,2602.028276,2602.043614,2602.043614,2602.043614,2604.812701,150,1,[2.76855160004925],[2.7685669000493363],paricipant 1,1,2025-11-11_19h03.31.385,intentional binding,,2025.1.1,59.70780197,2025-11-11 19h03.44.965161 +0530,,,,,,,,,,,,,,,,,,,
0.4,1000,exp,209,5,17,space,0.3835467,None,300,1,[2.5680430000647902],[2.568057900061831],17,5,209,10,2604.827576,,2604.813074,2604.827576,2605.827376,2605.827376,2605.827376,2606.212318,space,0.3835467,None,2606.213638,2606.626329,2606.941036,2606.926232,2606.927042,2606.941036,2606.941036,2606.941036,2609.509574,300,1,[2.5680430000647902],[2.568057900061831],paricipant 1,1,2025-11-11_19h03.31.385,intentional binding,,2025.1.1,59.70780197,2025-11-11 19h03.44.965161 +0530,,,,,,,,,,,,,,,,,,,
0.4,1000,exp,210,6,17,space,0.2593021,None,400,1,[2.468544700066559],[2.468561499961652],17,6,210,7,2609.525861,,2609.509906,2609.525861,2610.5247,2610.5247,2610.5247,2610.79198,space,0.2593021,None,2610.794053,2611.192793,2611.523025,2611.495744,2611.496478,2611.523025,2611.523025,2611.523025,2613.992193,400,1,[2.468544700066559],[2.468561499961652],paricipant 1,1,2025-11-11_19h03.31.385,intentional binding,,2025.1.1,59.70780197,2025-11-11 19h03.44.965161 +0530,,,,,,,,,,,,,,,,,,,
0.1,1000,exp,211,7,17,space,0.2688419,None,200,1,[2.5845694999443367],[2.5845852999482304],17,7,211,9,2614.006593,,2613.99257,2614.006593,2615.006643,2615.006643,2615.006643,2615.29023,space,0.2688419,None,2615.291455,2615.390386,2615.70468,2615.688604,2615.689242,2615.70468,2615.70468,2615.70468,2618.289724,200,1,[2.5845694999443367],[2.5845852999482304],paricipant 1,1,2025-11-11_19h03.31.385,intentional binding,,2025.1.1,59.70780197,2025-11-11 19h03.44.965161 +0530,,,,,,,,,,,,,,,,,,,
0.7,400,unexp,212,8,17,space,0.2537114,None,500,1,[3.651878699893132],[3.6518939998932183],17,8,212,2,2618.304344,,2618.290054,2618.304344,2619.304859,2619.304859,2619.304859,2619.572647,space,0.2537114,None,2619.574012,2620.271813,2620.586073,2620.56667,2620.567593,2620.586073,2620.586073,2620.586073,2624.238457,500,1,[3.651878699893132],[3.6518939998932183],paricipant 1,1,2025-11-11_19h03.31.385,intentional binding,,2025.1.1,59.70780197,2025-11-11 19h03.44.965161 +0530,,,,,,,,,,,,,,,,,,,
0.7,1000,exp,213,9,17,space,1.1180916,None,150,1,[5.369584099971689],[5.36959899996873],17,9,213,5,2624.251894,,2624.238804,2624.251894,2625.254247,2625.254247,2625.254247,2626.386396,space,1.1180916,None,2626.387666,2627.08763,2627.417645,2627.399815,2627.400539,2627.417645,2627.417645,2627.417645,2632.787671,150,1,[5.369584099971689],[5.36959899996873],paricipant 1,1,2025-11-11_19h03.31.385,intentional binding,,2025.1.1,59.70780197,2025-11-11 19h03.44.965161 +0530,,,,,,,,,,,,,,,,,,,
0.1,400,unexp,214,10,17,space,0.4926338,None,100,1,[4.300837600021623],[4.300855400040746],17,10,214,0,2632.798818,,2632.788115,2632.798818,2633.799766,2633.799766,2633.799766,2634.297666,space,0.4926338,None,2634.298361,2634.397938,2634.713226,2634.696771,2634.697764,2634.713226,2634.713226,2634.713226,2639.014692,100,1,[4.300837600021623],[4.300855400040746],paricipant 1,1,2025-11-11_19h03.31.385,intentional binding,,2025.1.1,59.70780197,2025-11-11 19h03.44.965161 +0530,,,,,,,,,,,,,,,,,,,
0.4,400,unexp,215,11,17,space,0.3577993,None,300,1,[4.482700000051409],[4.4827142000431195],17,11,215,1,2639.028655,,2639.015196,2639.028655,2640.028745,2640.028745,2640.028745,2640.394897,space,0.3577993,None,2640.396102,2640.796359,2641.127229,2641.098107,2641.098666,2641.127229,2641.127229,2641.127229,2645.610471,300,1,[4.482700000051409],[4.4827142000431195],paricipant 1,1,2025-11-11_19h03.31.385,intentional binding,,2025.1.1,59.70780197,2025-11-11 19h03.44.965161 +0530,,,,,,,,,,,,,,,,,,,
0.1,1000,exp,216,0,18,space,0.588956,None,100,1,[14.84652870008722],[14.846543000079691],18,0,216,9,2645.626303,,2645.610836,2645.626303,2646.626231,2646.626231,2646.626231,2647.227263,space,0.588956,None,2647.228562,2647.342781,2647.674125,2647.64163,2647.642417,2647.674125,2647.674125,2647.674125,2662.521223,100,1,[14.84652870008722],[14.846543000079691],paricipant 1,1,2025-11-11_19h03.31.385,intentional binding,,2025.1.1,59.70780197,2025-11-11 19h03.44.965161 +0530,,,,,,,,,,,,,,,,,,,
0.1,400,unexp,217,1,18,space,2.3969015,None,400,1,[4.699752699933015],[4.699764400022104],18,1,217,0,2662.535724,,2662.521581,2662.535724,2663.53572,2663.53572,2663.551989,2665.937174,space,2.3969015,None,2665.938226,2666.052997,2666.383719,2666.367688,2666.36849,2666.383719,2666.383719,2666.383719,2671.083898,400,1,[4.699752699933015],[4.699764400022104],paricipant 1,1,2025-11-11_19h03.31.385,intentional binding,,2025.1.1,59.70780197,2025-11-11 19h03.44.965161 +0530,,,,,,,,,,,,,,,,,,,
0.7,1000,exp,218,2,18,space,2.1159311,None,300,1,[3.1827141999965534],[3.1827308000065386],18,2,218,8,2671.098334,,2671.084225,2671.098334,2672.098813,2672.098813,2672.098813,2674.2179,space,2.1159311,None,2674.219048,2674.930668,2675.245392,2675.228565,2675.229459,2675.245392,2675.245392,2675.245392,2678.428688,300,1,[3.1827141999965534],[3.1827308000065386],paricipant 1,1,2025-11-11_19h03.31.385,intentional binding,,2025.1.1,59.70780197,2025-11-11 19h03.44.965161 +0530,,,,,,,,,,,,,,,,,,,
0.4,1000,exp,219,3,18,space,1.4935392,None,100,1,[2.8674957000184804],[2.8675089000025764],18,3,219,7,2678.448135,,2678.429068,2678.448135,2679.428337,2679.428337,2679.461623,2680.928459,space,1.4935392,None,2680.929625,2681.329517,2681.642331,2681.624366,2681.625465,2681.642331,2681.642331,2681.642331,2684.510196,100,1,[2.8674957000184804],[2.8675089000025764],paricipant 1,1,2025-11-11_19h03.31.385,intentional binding,,2025.1.1,59.70780197,2025-11-11 19h03.44.965161 +0530,,,,,,,,,,,,,,,,,,,
0.1,1000,exp,220,4,18,space,1.376028,None,350,1,[3.651226499932818],[3.651238299906254],18,4,220,3,2684.525568,,2684.510482,2684.525568,2685.508818,2685.508818,2685.526167,2686.892275,space,1.376028,None,2686.89375,2686.993735,2687.324273,2687.308315,2687.309083,2687.324273,2687.324273,2687.324273,2690.975882,350,1,[3.651226499932818],[3.651238299906254],paricipant 1,1,2025-11-11_19h03.31.385,intentional binding,,2025.1.1,59.70780197,2025-11-11 19h03.44.965161 +0530,,,,,,,,,,,,,,,,,,,
0.7,1000,exp,221,5,18,space,1.5132355,None,400,1,[3.417043299996294],[3.41705509996973],18,5,221,5,2690.989097,,2690.976177,2690.989097,2691.988935,2691.988935,2691.988935,2693.50706,space,1.5132355,None,2693.508064,2694.223374,2694.536551,2694.519746,2694.521013,2694.536551,2694.536551,2694.536551,2697.953974,400,1,[3.417043299996294],[3.41705509996973],paricipant 1,1,2025-11-11_19h03.31.385,intentional binding,,2025.1.1,59.70780197,2025-11-11 19h03.44.965161 +0530,,,,,,,,,,,,,,,,,,,
0.7,400,unexp,222,6,18,space,3.102522,None,300,1,[2.5501427000854164],[2.5501584000885487],18,6,222,2,2697.970415,,2697.954254,2697.970415,2698.954145,2698.954145,2698.971304,2702.068928,space,3.102522,None,2702.070412,2702.76835,2703.083446,2703.066284,2703.067009,2703.083446,2703.083446,2703.083446,2705.634071,300,1,[2.5501427000854164],[2.5501584000885487],paricipant 1,1,2025-11-11_19h03.31.385,intentional binding,,2025.1.1,59.70780197,2025-11-11 19h03.44.965161 +0530,,,,,,,,,,,,,,,,,,,
0.1,1000,exp,223,7,18,space,6.0844187,None,250,1,[4.284662500023842],[4.284676100010984],18,7,223,6,2705.650378,,2705.634466,2705.650378,2706.634604,2706.634604,2706.651094,2712.731619,space,6.0844187,None,2712.73336,2712.831268,2713.145654,2713.129852,2713.130535,2713.145654,2713.145654,2713.145654,2717.430785,250,1,[4.284662500023842],[4.284676100010984],paricipant 1,1,2025-11-11_19h03.31.385,intentional binding,,2025.1.1,59.70780197,2025-11-11 19h03.44.965161 +0530,,,,,,,,,,,,,,,,,,,
0.7,1000,exp,224,8,18,space,0.8328265,None,150,1,[3.8332171000074595],[3.833231099997647],18,8,224,11,2717.445018,,2717.43119,2717.445018,2718.445291,2718.445291,2718.445291,2719.279549,space,0.8328265,None,2719.280785,2719.994848,2720.326907,2720.297531,2720.298138,2720.326907,2720.326907,2720.326907,2724.160601,150,1,[3.8332171000074595],[3.833231099997647],paricipant 1,1,2025-11-11_19h03.31.385,intentional binding,,2025.1.1,59.70780197,2025-11-11 19h03.44.965161 +0530,,,,,,,,,,,,,,,,,,,
0.4,400,unexp,225,9,18,space,1.4181804,None,300,1,[3.0004480000352487],[3.0004621000261977],18,9,225,1,2724.174785,,2724.160919,2724.174785,2725.176492,2725.176492,2725.176492,2726.610185,space,1.4181804,None,2726.61147,2727.024128,2727.356517,2727.325492,2727.326165,2727.356517,2727.356517,2727.356517,2730.357489,300,1,[3.0004480000352487],[3.0004621000261977],paricipant 1,1,2025-11-11_19h03.31.385,intentional binding,,2025.1.1,59.70780197,2025-11-11 19h03.44.965161 +0530,,,,,,,,,,,,,,,,,,,
0.4,1000,exp,226,10,18,space,1.8605934,None,400,1,[4.083756500040181],[4.083773900056258],18,10,226,10,2730.37298,,2730.357959,2730.37298,2731.357022,2731.357022,2731.373154,2733.223546,space,1.8605934,None,2733.224895,2733.637774,2733.953287,2733.934612,2733.935647,2733.953287,2733.953287,2733.953287,2738.037591,400,1,[4.083756500040181],[4.083773900056258],paricipant 1,1,2025-11-11_19h03.31.385,intentional binding,,2025.1.1,59.70780197,2025-11-11 19h03.44.965161 +0530,,,,,,,,,,,,,,,,,,,
0.4,1000,exp,227,11,18,space,1.2347815,None,100,1,[2.549855799996294],[2.5498692999826744],18,11,227,4,2738.053091,,2738.038047,2738.053091,2739.053004,2739.053004,2739.053004,2740.303369,space,1.2347815,None,2740.304501,2740.702869,2741.034064,2741.004681,2741.005262,2741.034064,2741.034064,2741.034064,2743.584404,100,1,[2.549855799996294],[2.5498692999826744],paricipant 1,1,2025-11-11_19h03.31.385,intentional binding,,2025.1.1,59.70780197,2025-11-11 19h03.44.965161 +0530,,,,,,,,,,,,,,,,,,,
0.1,1000,exp,228,0,19,space,1.1676479,None,130,1,[7.599053199985065],[7.59906909998972],19,0,228,9,2743.600131,,2743.584809,2743.600131,2744.583309,2744.583309,2744.600113,2745.75283,space,1.1676479,None,2745.753875,2745.866461,2746.198125,2746.165649,2746.166377,2746.198125,2746.198125,2746.198125,2753.797702,130,1,[7.599053199985065],[7.59906909998972],paricipant 1,1,2025-11-11_19h03.31.385,intentional binding,,2025.1.1,59.70780197,2025-11-11 19h03.44.965161 +0530,,,,,,,,,,,,,,,,,,,
0.7,400,unexp,229,1,19,space,2.3704575,None,300,1,[5.19943689997308],[5.199451899970882],19,1,229,2,2753.81308,,2753.798122,2753.81308,2754.796869,2754.796869,2754.813034,2757.179687,space,2.3704575,None,2757.181283,2757.894824,2758.2104,2758.196149,2758.196766,2758.2104,2758.2104,2758.2104,2763.410323,300,1,[5.19943689997308],[5.199451899970882],paricipant 1,1,2025-11-11_19h03.31.385,intentional binding,,2025.1.1,59.70780197,2025-11-11 19h03.44.965161 +0530,,,,,,,,,,,,,,,,,,,
0.1,1000,exp,230,2,19,space,6.5530911,None,150,1,[11.265519800013863],[11.265533300000243],19,2,230,6,2763.426083,,2763.410695,2763.426083,2764.409088,2764.409088,2764.424658,2770.974111,space,6.5530911,None,2770.975268,2771.088458,2771.40408,2771.386638,2771.387462,2771.40408,2771.40408,2771.40408,2782.670145,150,1,[11.265519800013863],[11.265533300000243],paricipant 1,1,2025-11-11_19h03.31.385,intentional binding,,2025.1.1,59.70780197,2025-11-11 19h03.44.965161 +0530,,,,,,,,,,,,,,,,,,,
0.4,1000,exp,231,3,19,space,0.5620204,None,100,1,[4.417563399998471],[4.4175789000000805],19,3,231,10,2782.683674,,2782.670505,2782.683674,2783.684567,2783.684567,2783.684567,2784.249913,space,0.5620204,None,2784.250845,2784.65019,2784.965878,2784.950629,2784.951269,2784.965878,2784.965878,2784.965878,2789.384003,100,1,[4.417563399998471],[4.4175789000000805],paricipant 1,1,2025-11-11_19h03.31.385,intentional binding,,2025.1.1,59.70780197,2025-11-11 19h03.44.965161 +0530,,,,,,,,,,,,,,,,,,,
0.7,1000,exp,232,4,19,space,0.8480674,None,400,1,[4.3837691999506205],[4.383785999962129],19,4,232,11,2789.396803,,2789.384335,2789.396803,2790.397655,2790.397655,2790.397655,2791.248445,space,0.8480674,None,2791.249939,2791.962237,2792.277886,2792.258016,2792.258884,2792.277886,2792.277886,2792.277886,2796.662197,400,1,[4.3837691999506205],[4.383785999962129],paricipant 1,1,2025-11-11_19h03.31.385,intentional binding,,2025.1.1,59.70780197,2025-11-11 19h03.44.965161 +0530,,,,,,,,,,,,,,,,,,,
0.4,1000,exp,233,5,19,space,1.2234828,None,200,1,[15.145858300034888],[15.145884400000796],19,5,233,7,2796.67821,,2796.663144,2796.67821,2797.678107,2797.678107,2797.678107,2798.911334,space,1.2234828,None,2798.91238,2799.312397,2799.642957,2799.62524,2799.625849,2799.642957,2799.642957,2799.642957,2814.789213,200,1,[15.145858300034888],[15.145884400000796],paricipant 1,1,2025-11-11_19h03.31.385,intentional binding,,2025.1.1,59.70780197,2025-11-11 19h03.44.965161 +0530,,,,,,,,,,,,,,,,,,,
0.4,400,unexp,234,6,19,space,1.241285,None,300,1,[2.3706296000164],[2.370648599928245],19,6,234,1,2814.80324,,2814.789459,2814.80324,2815.802021,2815.802021,2815.802021,2817.053147,space,1.241285,None,2817.054249,2817.452742,2817.766853,2817.754249,2817.754841,2817.766853,2817.766853,2817.766853,2820.138559,300,1,[2.3706296000164],[2.370648599928245],paricipant 1,1,2025-11-11_19h03.31.385,intentional binding,,2025.1.1,59.70780197,2025-11-11 19h03.44.965161 +0530,,,,,,,,,,,,,,,,,,,
0.4,1000,exp,235,7,19,space,3.3989321,None,300,1,[3.017314700060524],[3.0173294000560418],19,7,235,4,2820.15023,,2820.139018,2820.15023,2821.150445,2821.150445,2821.150445,2824.550645,space,3.3989321,None,2824.55173,2824.949953,2825.263889,2825.246471,2825.247515,2825.263889,2825.263889,2825.263889,2828.281679,300,1,[3.017314700060524],[3.0173294000560418],paricipant 1,1,2025-11-11_19h03.31.385,intentional binding,,2025.1.1,59.70780197,2025-11-11 19h03.44.965161 +0530,,,,,,,,,,,,,,,,,,,
0.1,400,unexp,236,8,19,space,4.9933615,None,200,1,[5.150374799966812],[5.150390699971467],19,8,236,0,2828.297662,,2828.28208,2828.297662,2829.298333,2829.298333,2829.298333,2834.29679,space,4.9933615,None,2834.297909,2834.412163,2834.743297,2834.715284,2834.715967,2834.743297,2834.743297,2834.743297,2839.894209,200,1,[5.150374799966812],[5.150390699971467],paricipant 1,1,2025-11-11_19h03.31.385,intentional binding,,2025.1.1,59.70780197,2025-11-11 19h03.44.965161 +0530,,,,,,,,,,,,,,,,,,,
0.7,1000,exp,237,9,19,space,0.6971787,None,400,1,[2.350624299957417],[2.350640899967402],19,9,237,8,2839.909527,,2839.894563,2839.909527,2840.892024,2840.892024,2840.907816,2841.594757,space,0.6971787,None,2841.596345,2842.309169,2842.623438,2842.606743,2842.607352,2842.623438,2842.623438,2842.623438,2844.974557,400,1,[2.350624299957417],[2.350640899967402],paricipant 1,1,2025-11-11_19h03.31.385,intentional binding,,2025.1.1,59.70780197,2025-11-11 19h03.44.965161 +0530,,,,,,,,,,,,,,,,,,,
0.1,1000,exp,238,10,19,space,3.1824119,None,100,1,[9.582466499996372],[9.582481399993412],19,10,238,3,2844.989542,,2844.974929,2844.989542,2845.97412,2845.97412,2845.989698,2849.173062,space,3.1824119,None,2849.174155,2849.272145,2849.586718,2849.568776,2849.569627,2849.586718,2849.586718,2849.586718,2859.169753,100,1,[9.582466499996372],[9.582481399993412],paricipant 1,1,2025-11-11_19h03.31.385,intentional binding,,2025.1.1,59.70780197,2025-11-11 19h03.44.965161 +0530,,,,,,,,,,,,,,,,,,,
0.7,1000,exp,239,11,19,space,1.179593,None,350,1,[2.8682000000262633],[2.8682159000309184],19,11,239,5,2859.184114,,2859.170186,2859.184114,2860.183931,2860.183931,2860.183931,2861.368668,space,1.179593,None,2861.369668,2862.084315,2862.415229,2862.387521,2862.388148,2862.415229,2862.415229,2862.415229,2865.284087,350,1,[2.8682000000262633],[2.8682159000309184],paricipant 1,1,2025-11-11_19h03.31.385,intentional binding,,2025.1.1,59.70780197,2025-11-11 19h03.44.965161 +0530,,,,,,,,,,,,,,,,,,,
0.1,400,unexp,240,0,20,space,1.4378539,None,100,1,[2.419594799983315],[2.419609499978833],20,0,240,0,2865.298348,,2865.284444,2865.298348,2866.298291,2866.298291,2866.298291,2867.748477,space,1.4378539,None,2867.749746,2867.864336,2868.178233,2868.165535,2868.166271,2868.178233,2868.178233,2868.178233,2870.598346,100,1,[2.419594799983315],[2.419609499978833],paricipant 1,1,2025-11-11_19h03.31.385,intentional binding,,2025.1.1,59.70780197,2025-11-11 19h03.44.965161 +0530,,,,,,,,,,,,,,,,,,,
0.1,1000,exp,241,1,20,space,4.2764775,None,150,1,[4.883612200035714],[4.883621799992397],20,1,241,3,2870.612123,,2870.598715,2870.612123,2871.612292,2871.612292,2871.612292,2875.893749,space,4.2764775,None,2875.894438,2875.994735,2876.326106,2876.297257,2876.297848,2876.326106,2876.326106,2876.326106,2881.210095,150,1,[4.883612200035714],[4.883621799992397],paricipant 1,1,2025-11-11_19h03.31.385,intentional binding,,2025.1.1,59.70780197,2025-11-11 19h03.44.965161 +0530,,,,,,,,,,,,,,,,,,,
0.1,1000,exp,242,2,20,space,3.5701914,None,300,1,[4.901812600088306],[4.901828000089154],20,2,242,6,2881.223876,,2881.21035,2881.223876,2882.224303,2882.224303,2882.224303,2885.807893,space,3.5701914,None,2885.809087,2885.923352,2886.254443,2886.22352,2886.224362,2886.254443,2886.254443,2886.254443,2891.156722,300,1,[4.901812600088306],[4.901828000089154],paricipant 1,1,2025-11-11_19h03.31.385,intentional binding,,2025.1.1,59.70780197,2025-11-11 19h03.44.965161 +0530,,,,,,,,,,,,,,,,,,,
0.7,1000,exp,243,3,20,space,0.4389236,None,500,1,[2.7678668999578804],[2.7678831999655813],20,3,243,5,2891.169675,,2891.157048,2891.169675,2892.170257,2892.170257,2892.170257,2892.620197,space,0.4389236,None,2892.621167,2893.319656,2893.634221,2893.618904,2893.619567,2893.634221,2893.634221,2893.634221,2896.402578,500,1,[2.7678668999578804],[2.7678831999655813],paricipant 1,1,2025-11-11_19h03.31.385,intentional binding,,2025.1.1,59.70780197,2025-11-11 19h03.44.965161 +0530,,,,,,,,,,,,,,,,,,,
0.7,400,unexp,244,4,20,space,1.2966063,None,300,1,[3.6827676000539213],[3.6827811000403017],20,4,244,2,2896.418386,,2896.403074,2896.418386,2897.4181,2897.4181,2897.4181,2898.719582,space,1.2966063,None,2898.720771,2899.435091,2899.764758,2899.737566,2899.738139,2899.764758,2899.764758,2899.764758,2903.447933,300,1,[3.6827676000539213],[3.6827811000403017],paricipant 1,1,2025-11-11_19h03.31.385,intentional binding,,2025.1.1,59.70780197,2025-11-11 19h03.44.965161 +0530,,,,,,,,,,,,,,,,,,,
0.4,1000,exp,245,5,20,space,1.2524519,None,200,1,[5.850140700000338],[5.850152600090951],20,5,245,10,2903.464781,,2903.448228,2903.464781,2904.448542,2904.448542,2904.465914,2905.715239,space,1.2524519,None,2905.71656,2906.130831,2906.445613,2906.426666,2906.427237,2906.445613,2906.445613,2906.445613,2912.296156,200,1,[5.850140700000338],[5.850152600090951],paricipant 1,1,2025-11-11_19h03.31.385,intentional binding,,2025.1.1,59.70780197,2025-11-11 19h03.44.965161 +0530,,,,,,,,,,,,,,,,,,,
0.7,1000,exp,246,6,20,space,1.9555988,None,400,1,[2.800121800042689],[2.800130599993281],20,6,246,11,2912.311112,,2912.296471,2912.311112,2913.311067,2913.311067,2913.311067,2915.277584,space,1.9555988,None,2915.278717,2915.976679,2916.308556,2916.279445,2916.280108,2916.308556,2916.308556,2916.308556,2919.109011,400,1,[2.800121800042689],[2.800130599993281],paricipant 1,1,2025-11-11_19h03.31.385,intentional binding,,2025.1.1,59.70780197,2025-11-11 19h03.44.965161 +0530,,,,,,,,,,,,,,,,,,,
0.1,1000,exp,247,7,20,space,1.2506397,None,150,1,[8.333987700054422],[8.334006999968551],20,7,247,9,2919.124242,,2919.109259,2919.124242,2920.109294,2920.109294,2920.125772,2921.375404,space,1.2506397,None,2921.376567,2921.491045,2921.805487,2921.78624,2921.786924,2921.805487,2921.805487,2921.805487,2930.140069,150,1,[8.333987700054422],[8.334006999968551],paricipant 1,1,2025-11-11_19h03.31.385,intentional binding,,2025.1.1,59.70780197,2025-11-11 19h03.44.965161 +0530,,,,,,,,,,,,,,,,,,,
0.4,1000,exp,248,8,20,space,2.6839413,None,100,1,[2.2495337000582367],[2.249551600078121],20,8,248,4,2930.152986,,2930.140633,2930.152986,2931.15452,2931.15452,2931.15452,2933.852996,space,2.6839413,None,2933.854153,2934.252463,2934.584695,2934.56768,2934.568384,2934.584695,2934.584695,2934.584695,2936.834844,100,1,[2.2495337000582367],[2.249551600078121],paricipant 1,1,2025-11-11_19h03.31.385,intentional binding,,2025.1.1,59.70780197,2025-11-11 19h03.44.965161 +0530,,,,,,,,,,,,,,,,,,,
0.7,1000,exp,249,9,20,space,0.875371,None,350,1,[2.785087600001134],[2.7850966000696644],20,9,249,8,2936.849952,,2936.83525,2936.849952,2937.833408,2937.833408,2937.850386,2938.717429,space,0.875371,None,2938.718489,2939.416678,2939.730848,2939.718623,2939.719211,2939.730848,2939.730848,2939.730848,2942.516278,350,1,[2.785087600001134],[2.7850966000696644],paricipant 1,1,2025-11-11_19h03.31.385,intentional binding,,2025.1.1,59.70780197,2025-11-11 19h03.44.965161 +0530,,,,,,,,,,,,,,,,,,,
0.4,400,unexp,250,10,20,space,0.7505407,None,100,1,[2.4680192000232637],[2.4680333000142127],20,10,250,1,2942.530924,,2942.516524,2942.530924,2943.531445,2943.531445,2943.531445,2944.298962,space,0.7505407,None,2944.300009,2944.714655,2945.028498,2945.0173,2945.017758,2945.028498,2945.028498,2945.028498,2947.496972,100,1,[2.4680192000232637],[2.4680333000142127],paricipant 1,1,2025-11-11_19h03.31.385,intentional binding,,2025.1.1,59.70780197,2025-11-11 19h03.44.965161 +0530,,,,,,,,,,,,,,,,,,,
0.4,1000,exp,251,11,20,space,3.0814363,None,100,1,[4.48459989996627],[4.484612999949604],20,11,251,7,2947.511949,,2947.497352,2947.511949,2948.51356,2948.51356,2948.51356,2951.611511,space,3.0814363,None,2951.612361,2952.027612,2952.342152,2952.327632,2952.328298,2952.342152,2952.342152,2952.342152,2956.827275,100,1,[4.48459989996627],[4.484612999949604],paricipant 1,1,2025-11-11_19h03.31.385,intentional binding,,2025.1.1,59.70780197,2025-11-11 19h03.44.965161 +0530,,,,,,,,,,,,,,,,,,,
0.1,1000,exp,252,0,21,space,4.5031291,None,100,1,[2.2706111000152305],[2.2706309999339283],21,0,252,6,2956.841988,,2956.827615,2956.841988,2957.841596,2957.841596,2957.841596,2962.357757,space,4.5031291,None,2962.35873,2962.473704,2962.80425,2962.774866,2962.775655,2962.80425,2962.80425,2962.80425,2965.0755,100,1,[2.2706111000152305],[2.2706309999339283],paricipant 1,1,2025-11-11_19h03.31.385,intentional binding,,2025.1.1,59.70780197,2025-11-11 19h03.44.965161 +0530,,,,,,,,,,,,,,,,,,,
0.1,400,unexp,253,1,21,space,31.8321032,None,100,1,[2.102026400039904],[2.1020411000354216],21,1,253,0,2965.088601,,2965.076054,2965.088601,2966.089591,2966.089591,2966.089591,2997.927314,space,31.8321032,None,2997.928346,2998.041507,2998.356691,2998.334215,2998.334751,2998.356691,2998.356691,2998.356691,3000.459284,100,1,[2.102026400039904],[2.1020411000354216],paricipant 1,1,2025-11-11_19h03.31.385,intentional binding,,2025.1.1,59.70780197,2025-11-11 19h03.44.965161 +0530,,,,,,,,,,,,,,,,,,,
0.7,1000,exp,254,2,21,space,1.8576169,None,400,1,[2.368392499978654],[2.368406999972649],21,2,254,8,3000.472431,,3000.45965,3000.472431,3001.473223,3001.473223,3001.473223,3003.340194,space,1.8576169,None,3003.341137,3004.039365,3004.370678,3004.348396,3004.349062,3004.370678,3004.370678,3004.370678,3006.739642,400,1,[2.368392499978654],[2.368406999972649],paricipant 1,1,2025-11-11_19h03.31.385,intentional binding,,2025.1.1,59.70780197,2025-11-11 19h03.44.965161 +0530,,,,,,,,,,,,,,,,,,,
0.4,1000,exp,255,3,21,space,1.7819089,None,100,1,[2.167067800066434],[2.1670867999782786],21,3,255,4,3006.753628,,3006.740094,3006.753628,3007.754016,3007.754016,3007.754016,3009.53845,space,1.7819089,None,3009.539677,3009.953268,3010.284748,3010.255932,3010.256564,3010.284748,3010.284748,3010.284748,3012.452366,100,1,[2.167067800066434],[2.1670867999782786],paricipant 1,1,2025-11-11_19h03.31.385,intentional binding,,2025.1.1,59.70780197,2025-11-11 19h03.44.965161 +0530,,,,,,,,,,,,,,,,,,,
0.7,400,unexp,256,4,21,space,0.7183291,None,450,1,[2.817293099942617],[2.817308099940419],21,4,256,2,3012.468364,,3012.453017,3012.468364,3013.46808,3013.46808,3013.46808,3014.201604,space,0.7183291,None,3014.202318,3014.901109,3015.215686,3015.194559,3015.195662,3015.215686,3015.215686,3015.215686,3018.033474,450,1,[2.817293099942617],[2.817308099940419],paricipant 1,1,2025-11-11_19h03.31.385,intentional binding,,2025.1.1,59.70780197,2025-11-11 19h03.44.965161 +0530,,,,,,,,,,,,,,,,,,,
0.4,1000,exp,257,5,21,space,0.727065,None,150,1,[2.7847257000394166],[2.78473940002732],21,5,257,7,3018.048521,,3018.033804,3018.048521,3019.047683,3019.047683,3019.047683,3019.781261,space,0.727065,None,3019.78216,3020.180715,3020.495852,3020.479064,3020.479537,3020.495852,3020.495852,3020.495852,3023.281009,150,1,[2.7847257000394166],[2.78473940002732],paricipant 1,1,2025-11-11_19h03.31.385,intentional binding,,2025.1.1,59.70780197,2025-11-11 19h03.44.965161 +0530,,,,,,,,,,,,,,,,,,,
0.1,1000,exp,258,6,21,space,0.4282436,None,100,1,[1.9851502000819892],[1.9851653000805527],21,6,258,9,3023.295919,,3023.281304,3023.295919,3024.295585,3024.295585,3024.295585,3024.729975,space,0.4282436,None,3024.730863,3024.845117,3025.160494,3025.146841,3025.147357,3025.160494,3025.160494,3025.160494,3027.146122,100,1,[1.9851502000819892],[1.9851653000805527],paricipant 1,1,2025-11-11_19h03.31.385,intentional binding,,2025.1.1,59.70780197,2025-11-11 19h03.44.965161 +0530,,,,,,,,,,,,,,,,,,,
0.1,1000,exp,259,7,21,space,0.7827585,None,100,1,[2.1854505001101643],[2.1854680000105873],21,7,259,3,3027.161309,,3027.146473,3027.161309,3028.160465,3028.160465,3028.160465,3028.943857,space,0.7827585,None,3028.944587,3029.043717,3029.358772,3029.346178,3029.346738,3029.358772,3029.358772,3029.358772,3031.544705,100,1,[2.1854505001101643],[2.1854680000105873],paricipant 1,1,2025-11-11_19h03.31.385,intentional binding,,2025.1.1,59.70780197,2025-11-11 19h03.44.965161 +0530,,,,,,,,,,,,,,,,,,,
0.4,400,unexp,260,8,21,space,0.3258794,None,250,1,[3.2030593999661505],[3.2030741999624297],21,8,260,1,3031.559079,,3031.545063,3031.559079,3032.558574,3032.558574,3032.558574,3032.892421,space,0.3258794,None,3032.893468,3033.291937,3033.606866,3033.585914,3033.586462,3033.606866,3033.606866,3033.606866,3036.810418,250,1,[3.2030593999661505],[3.2030741999624297],paricipant 1,1,2025-11-11_19h03.31.385,intentional binding,,2025.1.1,59.70780197,2025-11-11 19h03.44.965161 +0530,,,,,,,,,,,,,,,,,,,
0.7,1000,exp,261,9,21,space,0.4258764,None,400,1,[2.051538600004278],[2.0515529999975115],21,9,261,5,3036.823748,,3036.810766,3036.823748,3037.824097,3037.824097,3037.824097,3038.257513,space,0.4258764,None,3038.258371,3038.956583,3039.271937,3039.257598,3039.258128,3039.271937,3039.271937,3039.271937,3041.323948,400,1,[2.051538600004278],[2.0515529999975115],paricipant 1,1,2025-11-11_19h03.31.385,intentional binding,,2025.1.1,59.70780197,2025-11-11 19h03.44.965161 +0530,,,,,,,,,,,,,,,,,,,
0.4,1000,exp,262,10,21,space,0.5673902,None,300,1,[36.43609239999205],[36.43610950000584],21,10,262,10,3041.338715,,3041.324293,3041.338715,3042.339054,3042.339054,3042.339054,3042.923402,space,0.5673902,None,3042.924417,3043.338226,3043.653244,3043.63751,3043.638144,3043.653244,3043.653244,3043.653244,3080.08985,300,1,[36.43609239999205],[36.43610950000584],paricipant 1,1,2025-11-11_19h03.31.385,intentional binding,,2025.1.1,59.70780197,2025-11-11 19h03.44.965161 +0530,,,,,,,,,,,,,,,,,,,
0.7,1000,exp,263,11,21,space,32.7279232,None,150,1,[9.214663599967025],[9.214677699957974],21,11,263,11,3080.106072,,3080.090227,3080.106072,3081.104939,3081.104939,3081.104939,3113.8421,space,32.7279232,None,3113.843837,3114.541303,3114.856643,3114.83788,3114.838996,3114.856643,3114.856643,3114.856643,3124.071932,150,1,[9.214663599967025],[9.214677699957974],paricipant 1,1,2025-11-11_19h03.31.385,intentional binding,,2025.1.1,59.70780197,2025-11-11 19h03.44.965161 +0530,,,,,,,,,,,,,,,,,,,
0.1,1000,exp,264,0,22,space,0.6261951,None,200,1,[6.929080700036138],[6.929103499976918],22,0,264,3,3124.086714,,3124.072268,3124.086714,3125.088489,3125.088489,3125.088489,3125.720036,space,0.6261951,None,3125.720954,3125.819698,3126.138965,3126.116694,3126.117446,3126.138965,3126.138965,3126.138965,3133.068571,200,1,[6.929080700036138],[6.929103499976918],paricipant 1,1,2025-11-11_19h03.31.385,intentional binding,,2025.1.1,59.70780197,2025-11-11 19h03.44.965161 +0530,,,,,,,,,,,,,,,,,,,
0.1,1000,exp,265,1,22,space,0.3436304,None,100,1,[3.002591799944639],[3.0026070999447256],22,1,265,6,3133.082333,,3133.068941,3133.082333,3134.083036,3134.083036,3134.083036,3134.43303,space,0.3436304,None,3134.434019,3134.532848,3134.847747,3134.827064,3134.827825,3134.847747,3134.847747,3134.847747,3137.850832,100,1,[3.002591799944639],[3.0026070999447256],paricipant 1,1,2025-11-11_19h03.31.385,intentional binding,,2025.1.1,59.70780197,2025-11-11 19h03.44.965161 +0530,,,,,,,,,,,,,,,,,,,
0.1,1000,exp,266,2,22,space,0.3514027,None,100,1,[2.0344780000159517],[2.034491700003855],22,2,266,9,3137.863429,,3137.851227,3137.863429,3138.863611,3138.863611,3138.863611,3139.215696,space,0.3514027,None,3139.216839,3139.314847,3139.64582,3139.616633,3139.617326,3139.64582,3139.64582,3139.64582,3141.680791,100,1,[2.0344780000159517],[2.034491700003855],paricipant 1,1,2025-11-11_19h03.31.385,intentional binding,,2025.1.1,59.70780197,2025-11-11 19h03.44.965161 +0530,,,,,,,,,,,,,,,,,,,
0.7,1000,exp,267,3,22,space,0.3368731,None,250,1,[3.5997201999416575],[3.5997380999615416],22,3,267,11,3141.6957,,3141.681186,3141.6957,3142.695963,3142.695963,3142.695963,3143.046183,space,0.3368731,None,3143.047306,3143.762237,3144.077204,3144.056219,3144.056915,3144.077204,3144.077204,3144.077204,3147.677467,250,1,[3.5997201999416575],[3.5997380999615416],paricipant 1,1,2025-11-11_19h03.31.385,intentional binding,,2025.1.1,59.70780197,2025-11-11 19h03.44.965161 +0530,,,,,,,,,,,,,,,,,,,
0.4,1000,exp,268,4,22,space,233.3866066,None,100,1,[6.565638000029139],[6.565653400029987],22,4,268,7,3147.69319,,3147.677879,3147.69319,3148.693868,3148.693868,3148.693868,3382.094392,space,233.3866066,None,3382.095459,3382.494099,3382.824655,3382.808979,3382.809609,3382.824655,3382.824655,3382.824655,3389.39079,100,1,[6.565638000029139],[6.565653400029987],paricipant 1,1,2025-11-11_19h03.31.385,intentional binding,,2025.1.1,59.70780197,2025-11-11 19h03.44.965161 +0530,,,,,,,,,,,,,,,,,,,
0.1,400,unexp,269,5,22,space,0.3852023,None,200,1,[2.386188199976459],[2.3862049999879673],22,5,269,0,3389.4059,,3389.391158,3389.4059,3390.405932,3390.405932,3390.405932,3390.806321,space,0.3852023,None,3390.807296,3390.905658,3391.237416,3391.20834,3391.209203,3391.237416,3391.237416,3391.237416,3393.624086,200,1,[2.386188199976459],[2.3862049999879673],paricipant 1,1,2025-11-11_19h03.31.385,intentional binding,,2025.1.1,59.70780197,2025-11-11 19h03.44.965161 +0530,,,,,,,,,,,,,,,,,,,
0.7,1000,exp,270,6,22,space,0.326467,None,400,1,[1.9004099000012502],[1.9004258000059053],22,6,270,8,3393.63759,,3393.624432,3393.63759,3394.637045,3394.637045,3394.637045,3394.970471,space,0.326467,None,3394.971646,3395.67002,3395.984817,3395.968759,3395.969437,3395.984817,3395.984817,3395.984817,3397.885696,400,1,[1.9004099000012502],[1.9004258000059053],paricipant 1,1,2025-11-11_19h03.31.385,intentional binding,,2025.1.1,59.70780197,2025-11-11 19h03.44.965161 +0530,,,,,,,,,,,,,,,,,,,
0.7,400,unexp,271,7,22,space,0.3476315,None,400,1,[2.1506901000393555],[2.1507053000386804],22,7,271,2,3397.901476,,3397.886018,3397.901476,3398.886026,3398.886026,3398.90237,3399.238408,space,0.3476315,None,3399.239495,3399.951103,3400.266885,3400.245899,3400.246717,3400.266885,3400.266885,3400.266885,3402.418057,400,1,[2.1506901000393555],[2.1507053000386804],paricipant 1,1,2025-11-11_19h03.31.385,intentional binding,,2025.1.1,59.70780197,2025-11-11 19h03.44.965161 +0530,,,,,,,,,,,,,,,,,,,
0.4,400,unexp,272,8,22,space,0.3324783,None,200,1,[2.5008173000533134],[2.500831500045024],22,8,272,1,3402.433023,,3402.418459,3402.433023,3403.43412,3403.43412,3403.43412,3403.769047,space,0.3324783,None,3403.76995,3404.182835,3404.497985,3404.481054,3404.481772,3404.497985,3404.497985,3404.497985,3406.999349,200,1,[2.5008173000533134],[2.500831500045024],paricipant 1,1,2025-11-11_19h03.31.385,intentional binding,,2025.1.1,59.70780197,2025-11-11 19h03.44.965161 +0530,,,,,,,,,,,,,,,,,,,
0.4,1000,exp,273,9,22,space,0.0803242,None,150,1,[2.818246499984525],[2.81826099997852],22,9,273,10,3407.014596,,3406.999676,3407.014596,3408.014445,3408.014445,3408.014445,3408.09953,space,0.0803242,None,3408.100687,3408.514528,3408.846446,3408.815891,3408.816648,3408.846446,3408.846446,3408.846446,3411.665258,150,1,[2.818246499984525],[2.81826099997852],paricipant 1,1,2025-11-11_19h03.31.385,intentional binding,,2025.1.1,59.70780197,2025-11-11 19h03.44.965161 +0530,,,,,,,,,,,,,,,,,,,
0.4,1000,exp,274,10,22,space,0.2920561,None,200,1,[3.0177073000231758],[3.0177238000323996],22,10,274,4,3411.67855,,3411.665583,3411.67855,3412.67898,3412.67898,3412.67898,3412.979448,space,0.2920561,None,3412.984408,3413.380039,3413.693302,3413.678193,3413.678772,3413.693302,3413.693302,3413.693302,3416.711568,200,1,[3.0177073000231758],[3.0177238000323996],paricipant 1,1,2025-11-11_19h03.31.385,intentional binding,,2025.1.1,59.70780197,2025-11-11 19h03.44.965161 +0530,,,,,,,,,,,,,,,,,,,
0.7,1000,exp,275,11,22,space,0.3629265,None,250,1,[2.551189300022088],[2.551198899978772],22,11,275,5,3416.727506,,3416.711949,3416.727506,3417.727931,3417.727931,3417.727931,3418.097281,space,0.3629265,None,3418.098631,3418.810763,3419.124847,3419.106846,3419.107883,3419.124847,3419.124847,3419.124847,3421.676399,250,1,[2.551189300022088],[2.551198899978772],paricipant 1,1,2025-11-11_19h03.31.385,intentional binding,,2025.1.1,59.70780197,2025-11-11 19h03.44.965161 +0530,,,,,,,,,,,,,,,,,,,
0.1,400,unexp,276,0,23,space,0.3699714,None,100,1,[2.0679201999446377],[2.0679382999660447],23,0,276,0,3421.690777,,3421.676645,3421.690777,3422.691626,3422.691626,3422.691626,3423.076507,space,0.3699714,None,3423.077933,3423.175821,3423.489006,3423.473976,3423.474593,3423.489006,3423.489006,3423.489006,3425.557506,100,1,[2.0679201999446377],[2.0679382999660447],paricipant 1,1,2025-11-11_19h03.31.385,intentional binding,,2025.1.1,59.70780197,2025-11-11 19h03.44.965161 +0530,,,,,,,,,,,,,,,,,,,
0.4,1000,exp,277,1,23,space,0.2689809,None,140,1,[2.46749449998606],[2.467510599992238],23,1,277,10,3425.573121,,3425.557937,3425.573121,3426.57336,3426.57336,3426.57336,3426.857843,space,0.2689809,None,3426.859085,3427.273827,3427.587281,3427.571093,3427.57163,3427.587281,3427.587281,3427.587281,3430.055273,140,1,[2.46749449998606],[2.467510599992238],paricipant 1,1,2025-11-11_19h03.31.385,intentional binding,,2025.1.1,59.70780197,2025-11-11 19h03.44.965161 +0530,,,,,,,,,,,,,,,,,,,
0.7,1000,exp,278,2,23,space,0.3012606,None,200,1,[2.7667083999840543],[2.766722899978049],23,2,278,5,3430.070758,,3430.055689,3430.070758,3431.055569,3431.055569,3431.072062,3431.371458,space,0.3012606,None,3431.372547,3432.071178,3432.386026,3432.365756,3432.366299,3432.386026,3432.386026,3432.386026,3435.153266,200,1,[2.7667083999840543],[2.766722899978049],paricipant 1,1,2025-11-11_19h03.31.385,intentional binding,,2025.1.1,59.70780197,2025-11-11 19h03.44.965161 +0530,,,,,,,,,,,,,,,,,,,
0.7,400,unexp,279,3,23,space,0.4301479,None,150,1,[3.6656278999289498],[3.6656407999107614],23,3,279,2,3435.168575,,3435.153601,3435.168575,3436.1522,3436.1522,3436.168459,3436.587493,space,0.4301479,None,3436.588533,3437.287041,3437.617741,3437.590068,3437.590809,3437.617741,3437.617741,3437.617741,3441.283832,150,1,[3.6656278999289498],[3.6656407999107614],paricipant 1,1,2025-11-11_19h03.31.385,intentional binding,,2025.1.1,59.70780197,2025-11-11 19h03.44.965161 +0530,,,,,,,,,,,,,,,,,,,
0.7,1000,exp,280,4,23,space,4.1190901,None,300,1,[2.349968400085345],[2.3499826000770554],23,4,280,11,3441.298846,,3441.284147,3441.298846,3442.282867,3442.282867,3442.299494,3446.416016,space,4.1190901,None,3446.417337,3447.115275,3447.446473,3447.413853,3447.414405,3447.446473,3447.446473,3447.446473,3449.796954,300,1,[2.349968400085345],[2.3499826000770554],paricipant 1,1,2025-11-11_19h03.31.385,intentional binding,,2025.1.1,59.70780197,2025-11-11 19h03.44.965161 +0530,,,,,,,,,,,,,,,,,,,
0.4,1000,exp,281,5,23,space,0.23648,None,140,1,[2.384571300004609],[2.384584699990228],23,5,281,7,3449.812033,,3449.797313,3449.812033,3450.813352,3450.813352,3450.813352,3451.0642,space,0.23648,None,3451.065282,3451.479023,3451.794482,3451.778437,3451.779431,3451.794482,3451.794482,3451.794482,3454.179541,140,1,[2.384571300004609],[2.384584699990228],paricipant 1,1,2025-11-11_19h03.31.385,intentional binding,,2025.1.1,59.70780197,2025-11-11 19h03.44.965161 +0530,,,,,,,,,,,,,,,,,,,
0.1,1000,exp,282,6,23,space,0.3986121,None,100,1,[2.100369599997066],[2.100383899989538],23,6,282,6,3454.194155,,3454.179931,3454.194155,3455.195348,3455.195348,3455.195348,3455.596102,space,0.3986121,None,3455.597305,3455.710237,3456.026013,3456.005715,3456.006419,3456.026013,3456.026013,3456.026013,3458.126857,100,1,[2.100369599997066],[2.100383899989538],paricipant 1,1,2025-11-11_19h03.31.385,intentional binding,,2025.1.1,59.70780197,2025-11-11 19h03.44.965161 +0530,,,,,,,,,,,,,,,,,,,
0.1,1000,exp,283,7,23,space,1.8612118,None,120,1,[2.8333035999676213],[2.833320699981414],23,7,283,3,3458.142524,,3458.127224,3458.142524,3459.142997,3459.142997,3459.142997,3461.009018,space,1.8612118,None,3461.010046,3461.109916,3461.424069,3461.409162,3461.409716,3461.424069,3461.424069,3461.424069,3464.257907,120,1,[2.8333035999676213],[2.833320699981414],paricipant 1,1,2025-11-11_19h03.31.385,intentional binding,,2025.1.1,59.70780197,2025-11-11 19h03.44.965161 +0530,,,,,,,,,,,,,,,,,,,
0.7,1000,exp,284,8,23,space,0.3528862,None,250,1,[2.7182242999551818],[2.718238699948415],23,8,284,8,3464.272981,,3464.25831,3464.272981,3465.273488,3465.273488,3465.273488,3465.641103,space,0.3528862,None,3465.642258,3466.355916,3466.670464,3466.653837,3466.654382,3466.670464,3466.670464,3466.670464,3469.389141,250,1,[2.7182242999551818],[2.718238699948415],paricipant 1,1,2025-11-11_19h03.31.385,intentional binding,,2025.1.1,59.70780197,2025-11-11 19h03.44.965161 +0530,,,,,,,,,,,,,,,,,,,
0.1,1000,exp,285,9,23,space,0.2848982,None,200,1,[1.949747100006789],[1.94976410001982],23,9,285,9,3469.40409,,3469.389465,3469.40409,3470.404726,3470.404726,3470.404726,3470.705311,space,0.2848982,None,3470.706516,3470.821711,3471.137087,3471.121549,3471.122186,3471.137087,3471.137087,3471.137087,3473.087379,200,1,[1.949747100006789],[1.94976410001982],paricipant 1,1,2025-11-11_19h03.31.385,intentional binding,,2025.1.1,59.70780197,2025-11-11 19h03.44.965161 +0530,,,,,,,,,,,,,,,,,,,
0.4,400,unexp,286,10,23,space,0.3361933,None,300,1,[2.002059099962935],[2.002073199953884],23,10,286,1,3473.102572,,3473.087745,3473.102572,3474.102477,3474.102477,3474.102477,3474.441333,space,0.3361933,None,3474.442339,3474.853135,3475.166618,3475.153633,3475.154225,3475.166618,3475.166618,3475.166618,3477.169221,300,1,[2.002059099962935],[2.002073199953884],paricipant 1,1,2025-11-11_19h03.31.385,intentional binding,,2025.1.1,59.70780197,2025-11-11 19h03.44.965161 +0530,,,,,,,,,,,,,,,,,,,
0.4,1000,exp,287,11,23,space,0.3088473,None,250,1,[2.234314000001177],[2.234327599988319],23,11,287,4,3477.184404,,3477.169599,3477.184404,3478.184477,3478.184477,3478.184477,3478.501329,space,0.3088473,None,3478.50238,3478.901231,3479.232336,3479.203379,3479.203962,3479.232336,3479.232336,3479.232336,3481.467167,250,1,[2.234314000001177],[2.234327599988319],paricipant 1,1,2025-11-11_19h03.31.385,intentional binding,,2025.1.1,59.70780197,2025-11-11 19h03.44.965161 +0530,,,,,,,,,,,,,,,,,,,
0.7,1000,exp,288,0,24,space,0.3222144,None,140,1,[2.6504256000043824],[2.650434900075197],24,0,288,11,3481.482355,,3481.467513,3481.482355,3482.482323,3482.482323,3482.482323,3482.816688,space,0.3222144,None,3482.817803,3483.532196,3483.847212,3483.828286,3483.829287,3483.847212,3483.847212,3483.847212,3486.497971,140,1,[2.6504256000043824],[2.650434900075197],paricipant 1,1,2025-11-11_19h03.31.385,intentional binding,,2025.1.1,59.70780197,2025-11-11 19h03.44.965161 +0530,,,,,,,,,,,,,,,,,,,
0.4,400,unexp,289,1,24,space,0.3957864,None,200,1,[2.1510302999522537],[2.1510566999204457],24,1,289,1,3486.513598,,3486.498241,3486.513598,3487.499105,3487.499105,3487.51334,3487.898542,space,0.3957864,None,3487.899474,3488.314552,3488.627783,3488.613698,3488.614283,3488.627783,3488.627783,3488.627783,3490.77926,200,1,[2.1510302999522537],[2.1510566999204457],paricipant 1,1,2025-11-11_19h03.31.385,intentional binding,,2025.1.1,59.70780197,2025-11-11 19h03.44.965161 +0530,,,,,,,,,,,,,,,,,,,
0.4,1000,exp,290,2,24,space,0.1246776,None,130,1,[2.3154406000394374],[2.315460600075312],24,2,290,10,3490.794732,,3490.779577,3490.794732,3491.794527,3491.794527,3491.794527,3491.929444,space,0.1246776,None,3491.930637,3492.345465,3492.676852,3492.647848,3492.648435,3492.676852,3492.676852,3492.676852,3494.99319,130,1,[2.3154406000394374],[2.315460600075312],paricipant 1,1,2025-11-11_19h03.31.385,intentional binding,,2025.1.1,59.70780197,2025-11-11 19h03.44.965161 +0530,,,,,,,,,,,,,,,,,,,
0.1,1000,exp,291,3,24,space,0.3044292,None,200,1,[2.102682500029914],[2.1027029000688344],24,3,291,9,3495.010111,,3494.993683,3495.010111,3495.993281,3495.993281,3496.009445,3496.310769,space,0.3044292,None,3496.311872,3496.426169,3496.741206,3496.724357,3496.725395,3496.741206,3496.741206,3496.741206,3498.844481,200,1,[2.102682500029914],[2.1027029000688344],paricipant 1,1,2025-11-11_19h03.31.385,intentional binding,,2025.1.1,59.70780197,2025-11-11 19h03.44.965161 +0530,,,,,,,,,,,,,,,,,,,
0.7,1000,exp,292,4,24,space,0.2992434,None,400,1,[1.718445099890232],[1.7184589999960735],24,4,292,5,3498.858502,,3498.844854,3498.858502,3499.858639,3499.858639,3499.858639,3500.158433,space,0.2992434,None,3500.159171,3500.85836,3501.17327,3501.156955,3501.157606,3501.17327,3501.17327,3501.17327,3502.892259,400,1,[1.718445099890232],[1.7184589999960735],paricipant 1,1,2025-11-11_19h03.31.385,intentional binding,,2025.1.1,59.70780197,2025-11-11 19h03.44.965161 +0530,,,,,,,,,,,,,,,,,,,
0.1,1000,exp,293,5,24,space,0.3421167,None,300,1,[1.985130599932745],[1.9851476999465376],24,5,293,3,3502.907172,,3502.892585,3502.907172,3503.907444,3503.907444,3503.907444,3504.255732,space,0.3421167,None,3504.256519,3504.356474,3504.67069,3504.654986,3504.655594,3504.67069,3504.67069,3504.67069,3506.656386,300,1,[1.985130599932745],[1.9851476999465376],paricipant 1,1,2025-11-11_19h03.31.385,intentional binding,,2025.1.1,59.70780197,2025-11-11 19h03.44.965161 +0530,,,,,,,,,,,,,,,,,,,
0.4,1000,exp,294,6,24,space,0.427368,None,120,1,[2.4355235000839457],[2.4355547000886872],24,6,294,4,3506.671068,,3506.656802,3506.671068,3507.671807,3507.671807,3507.671807,3508.104096,space,0.427368,None,3508.104809,3508.504762,3508.819236,3508.801128,3508.801767,3508.819236,3508.819236,3508.819236,3511.255301,120,1,[2.4355235000839457],[2.4355547000886872],paricipant 1,1,2025-11-11_19h03.31.385,intentional binding,,2025.1.1,59.70780197,2025-11-11 19h03.44.965161 +0530,,,,,,,,,,,,,,,,,,,
0.1,1000,exp,295,7,24,space,0.3300392,None,200,1,[1.9848246000474319],[1.9848378000315279],24,7,295,6,3511.270192,,3511.25564,3511.270192,3512.251791,3512.251791,3512.287022,3512.587102,space,0.3300392,None,3512.588002,3512.702903,3513.017232,3513.003202,3513.003929,3513.017232,3513.017232,3513.017232,3515.002462,200,1,[1.9848246000474319],[1.9848378000315279],paricipant 1,1,2025-11-11_19h03.31.385,intentional binding,,2025.1.1,59.70780197,2025-11-11 19h03.44.965161 +0530,,,,,,,,,,,,,,,,,,,
0.7,400,unexp,296,8,24,space,0.3058459,None,500,1,[2.001194999902509],[2.001213099923916],24,8,296,2,3515.017725,,3515.002888,3515.017725,3516.002153,3516.002153,3516.018752,3516.318805,space,0.3058459,None,3516.319938,3517.033779,3517.348917,3517.327405,3517.327928,3517.348917,3517.348917,3517.348917,3519.350604,500,1,[2.001194999902509],[2.001213099923916],paricipant 1,1,2025-11-11_19h03.31.385,intentional binding,,2025.1.1,59.70780197,2025-11-11 19h03.44.965161 +0530,,,,,,,,,,,,,,,,,,,
0.4,1000,exp,297,9,24,space,0.3485242,None,250,1,[3.0541927999584004],[3.054232700029388],24,9,297,7,3519.366338,,3519.351302,3519.366338,3520.365907,3520.365907,3520.365907,3520.717378,space,0.3485242,None,3520.718422,3521.116451,3521.447174,3521.41854,3521.419132,3521.447174,3521.447174,3521.447174,3524.501945,250,1,[3.0541927999584004],[3.054232700029388],paricipant 1,1,2025-11-11_19h03.31.385,intentional binding,,2025.1.1,59.70780197,2025-11-11 19h03.44.965161 +0530,,,,,,,,,,,,,,,,,,,
0.1,400,unexp,298,10,24,space,0.3360513,None,200,1,[2.0201395000331104],[2.020154600031674],24,10,298,0,3524.514021,,3524.502322,3524.514021,3525.513422,3525.513422,3525.513422,3525.864166,space,0.3360513,None,3525.865152,3525.963797,3526.295386,3526.266156,3526.266705,3526.295386,3526.295386,3526.295386,3528.316111,200,1,[2.0201395000331104],[2.020154600031674],paricipant 1,1,2025-11-11_19h03.31.385,intentional binding,,2025.1.1,59.70780197,2025-11-11 19h03.44.965161 +0530,,,,,,,,,,,,,,,,,,,
0.7,1000,exp,299,11,24,space,0.2904299,None,400,1,[2.051719499984756],[2.0517325999680907],24,11,299,8,3528.328221,,3528.316474,3528.328221,3529.329368,3529.329368,3529.329368,3529.629431,space,0.2904299,None,3529.630419,3530.329009,3530.643341,3530.627032,3530.627726,3530.643341,3530.643341,3530.643341,3532.695589,400,1,[2.051719499984756],[2.0517325999680907],paricipant 1,1,2025-11-11_19h03.31.385,intentional binding,,2025.1.1,59.70780197,2025-11-11 19h03.44.965161 +0530,,,,,,,,,,,,,,,,,,,
0.1,1000,exp,300,0,25,space,0.3738774,None,140,1,[2.667970599955879],[2.6679849999491125],25,0,300,9,3532.709879,,3532.695914,3532.709879,3533.710714,3533.710714,3533.710714,3534.093878,space,0.3738774,None,3534.095123,3534.193746,3534.508401,3534.490482,3534.491562,3534.508401,3534.508401,3534.508401,3537.176853,140,1,[2.667970599955879],[2.6679849999491125],paricipant 1,1,2025-11-11_19h03.31.385,intentional binding,,2025.1.1,59.70780197,2025-11-11 19h03.44.965161 +0530,,,,,,,,,,,,,,,,,,,
0.1,1000,exp,301,1,25,space,0.2892017,None,100,1,[2.303090599947609],[2.3031076999614015],25,1,301,3,3537.192144,,3537.177223,3537.192144,3538.191775,3538.191775,3538.191775,3538.492249,space,0.2892017,None,3538.493507,3538.593517,3538.923388,3538.898613,3538.899244,3538.923388,3538.923388,3538.923388,3541.226978,100,1,[2.303090599947609],[2.3031076999614015],paricipant 1,1,2025-11-11_19h03.31.385,intentional binding,,2025.1.1,59.70780197,2025-11-11 19h03.44.965161 +0530,,,,,,,,,,,,,,,,,,,
0.7,1000,exp,302,2,25,space,0.3124004,None,200,1,[2.4514717999845743],[2.4514865999808535],25,2,302,5,3541.239647,,3541.227341,3541.239647,3542.239181,3542.239181,3542.239181,3542.557417,space,0.3124004,None,3542.558775,3543.272773,3543.588062,3543.565278,3543.565866,3543.588062,3543.588062,3543.588062,3546.039994,200,1,[2.4514717999845743],[2.4514865999808535],paricipant 1,1,2025-11-11_19h03.31.385,intentional binding,,2025.1.1,59.70780197,2025-11-11 19h03.44.965161 +0530,,,,,,,,,,,,,,,,,,,
0.7,1000,exp,303,3,25,space,405.17725,None,300,1,[2.6178691999521106],[2.617891899892129],25,3,303,11,3546.05472,,3546.040291,3546.05472,3547.055069,3547.055069,3547.055069,3952.247072,space,405.17725,None,3952.24807,3952.963094,3953.294823,3953.265455,3953.266346,3953.294823,3953.294823,3953.294823,3955.91335,300,1,[2.6178691999521106],[2.617891899892129],paricipant 1,1,2025-11-11_19h03.31.385,intentional binding,,2025.1.1,59.70780197,2025-11-11 19h03.44.965161 +0530,,,,,,,,,,,,,,,,,,,
0.4,1000,exp,304,4,25,space,0.2858694,None,300,1,[1.9171855000313371],[1.9172010000329465],25,4,304,7,3955.927522,,3955.913769,3955.927522,3956.930442,3956.930442,3956.930442,3957.22871,space,0.2858694,None,3957.229874,3957.645995,3957.977553,3957.959968,3957.960646,3957.977553,3957.977553,3957.977553,3959.895283,300,1,[1.9171855000313371],[1.9172010000329465],paricipant 1,1,2025-11-11_19h03.31.385,intentional binding,,2025.1.1,59.70780197,2025-11-11 19h03.44.965161 +0530,,,,,,,,,,,,,,,,,,,
0.4,400,unexp,305,5,25,space,0.3187092,None,100,1,[2.2000779999652877],[2.2000920000718907],25,5,305,1,3959.90937,,3959.895606,3959.90937,3960.909631,3960.909631,3960.909631,3961.242046,space,0.3187092,None,3961.243137,3961.643717,3961.975062,3961.95706,3961.957706,3961.975062,3961.975062,3961.975062,3964.175654,100,1,[2.2000779999652877],[2.2000920000718907],paricipant 1,1,2025-11-11_19h03.31.385,intentional binding,,2025.1.1,59.70780197,2025-11-11 19h03.44.965161 +0530,,,,,,,,,,,,,,,,,,,
0.4,1000,exp,306,6,25,space,0.1799545,None,250,1,[2.6990839999634773],[2.6991025999886915],25,6,306,4,3964.191101,,3964.175974,3964.191101,3965.174266,3965.174266,3965.190586,3965.359542,space,0.1799545,None,3965.360717,3965.774751,3966.106437,3966.078704,3966.079297,3966.106437,3966.106437,3966.106437,3968.806028,250,1,[2.6990839999634773],[2.6991025999886915],paricipant 1,1,2025-11-11_19h03.31.385,intentional binding,,2025.1.1,59.70780197,2025-11-11 19h03.44.965161 +0530,,,,,,,,,,,,,,,,,,,
0.7,1000,exp,307,7,25,space,0.3268522,None,400,1,[2.3845033000689],[2.3845150000415742],25,7,307,8,3968.821717,,3968.806514,3968.821717,3969.807001,3969.807001,3969.82272,3970.139253,space,0.3268522,None,3970.140227,3970.838341,3971.170289,3971.13799,3971.138681,3971.170289,3971.170289,3971.170289,3973.555139,400,1,[2.3845033000689],[2.3845150000415742],paricipant 1,1,2025-11-11_19h03.31.385,intentional binding,,2025.1.1,59.70780197,2025-11-11 19h03.44.965161 +0530,,,,,,,,,,,,,,,,,,,
0.1,1000,exp,308,8,25,space,0.2179671,None,100,1,[2.0523684000363573],[2.0523887999588624],25,8,308,6,3973.569601,,3973.555397,3973.569601,3974.570451,3974.570451,3974.570451,3974.791971,space,0.2179671,None,3974.7934,3974.903518,3975.235915,3975.205913,3975.206565,3975.235915,3975.235915,3975.235915,3977.288893,100,1,[2.0523684000363573],[2.0523887999588624],paricipant 1,1,2025-11-11_19h03.31.385,intentional binding,,2025.1.1,59.70780197,2025-11-11 19h03.44.965161 +0530,,,,,,,,,,,,,,,,,,,
0.4,1000,exp,309,9,25,space,0.2869779,None,100,1,[1.8693211000645533],[1.8693359000608325],25,9,309,10,3977.301509,,3977.289263,3977.301509,3978.301855,3978.301855,3978.301855,3978.602201,space,0.2869779,None,3978.603457,3979.002185,3979.316951,3979.29727,3979.298302,3979.316951,3979.316951,3979.316951,3981.186845,100,1,[1.8693211000645533],[1.8693359000608325],paricipant 1,1,2025-11-11_19h03.31.385,intentional binding,,2025.1.1,59.70780197,2025-11-11 19h03.44.965161 +0530,,,,,,,,,,,,,,,,,,,
0.7,400,unexp,310,10,25,space,17.2128908,None,400,1,[2.0659732000203803],[2.0659844001056626],25,10,310,2,3981.200346,,3981.187179,3981.200346,3982.200161,3982.200161,3982.200161,3999.425922,space,17.2128908,None,3999.426557,4000.126023,4000.457095,4000.426598,4000.427323,4000.457095,4000.457095,4000.457095,4002.523419,400,1,[2.0659732000203803],[2.0659844001056626],paricipant 1,1,2025-11-11_19h03.31.385,intentional binding,,2025.1.1,59.70780197,2025-11-11 19h03.44.965161 +0530,,,,,,,,,,,,,,,,,,,
0.1,400,unexp,311,11,25,space,0.294737,None,100,1,[2.266957900021225],[2.266972800018266],25,11,311,0,4002.541668,,4002.523703,4002.541668,4003.524208,4003.524208,4003.540707,4003.82493,space,0.294737,None,4003.826061,4003.92523,4004.256629,4004.225716,4004.226302,4004.256629,4004.256629,4004.256629,4006.524138,100,1,[2.266957900021225],[2.266972800018266],paricipant 1,1,2025-11-11_19h03.31.385,intentional binding,,2025.1.1,59.70780197,2025-11-11 19h03.44.965161 +0530,,,,,,,,,,,,,,,,,,,
0.4,1000,exp,312,0,26,space,14.0435261,None,250,1,[2.4840920000569895],[2.484109799959697],26,0,312,10,4006.53943,,4006.524508,4006.53943,4007.52152,4007.52152,4007.55692,4021.568755,space,14.0435261,None,4021.569892,4021.983495,4022.298111,4022.281466,4022.282309,4022.298111,4022.298111,4022.298111,4024.782979,250,1,[2.4840920000569895],[2.484109799959697],paricipant 1,1,2025-11-11_19h03.31.385,intentional binding,,2025.1.1,59.70780197,2025-11-11 19h03.44.965161 +0530,,,,,,,,,,,,,,,,,,,
0.7,1000,exp,313,1,26,space,0.7215505,None,350,1,[2.7669038999592885],[2.7669215999776497],26,1,313,11,4024.797649,,4024.783399,4024.797649,4025.781928,4025.781928,4025.798703,4026.51556,space,0.7215505,None,4026.516966,4027.23117,4027.546336,4027.527396,4027.528342,4027.546336,4027.546336,4027.546336,4030.313807,350,1,[2.7669038999592885],[2.7669215999776497],paricipant 1,1,2025-11-11_19h03.31.385,intentional binding,,2025.1.1,59.70780197,2025-11-11 19h03.44.965161 +0530,,,,,,,,,,,,,,,,,,,
0.1,1000,exp,314,2,26,space,6.4110765,None,100,1,[2.0341931000584736],[2.034205700038001],26,2,314,3,4030.329118,,4030.314175,4030.329118,4031.328503,4031.328503,4031.328503,4037.74285,space,6.4110765,None,4037.744097,4037.843298,4038.174685,4038.144407,4038.145053,4038.174685,4038.174685,4038.174685,4040.209285,100,1,[2.0341931000584736],[2.034205700038001],paricipant 1,1,2025-11-11_19h03.31.385,intentional binding,,2025.1.1,59.70780197,2025-11-11 19h03.44.965161 +0530,,,,,,,,,,,,,,,,,,,
0.4,1000,exp,315,3,26,space,0.5402126,None,100,1,[2.2847165999701247],[2.284730299958028],26,3,315,7,4040.224461,,4040.209593,4040.224461,4041.225035,4041.225035,4041.225035,4041.775473,space,0.5402126,None,4041.77652,4042.19088,4042.506306,4042.488232,4042.489022,4042.506306,4042.506306,4042.506306,4044.791574,100,1,[2.2847165999701247],[2.284730299958028],paricipant 1,1,2025-11-11_19h03.31.385,intentional binding,,2025.1.1,59.70780197,2025-11-11 19h03.44.965161 +0530,,,,,,,,,,,,,,,,,,,
0.7,400,unexp,316,4,26,space,0.4220712,None,300,1,[2.3372637999709696],[2.337277499958873],26,4,316,2,4044.806983,,4044.791908,4044.806983,4045.806679,4045.806679,4045.823264,4046.239429,space,0.4220712,None,4046.240332,4046.955534,4047.270807,4047.253794,4047.254699,4047.270807,4047.270807,4047.270807,4049.6085,300,1,[2.3372637999709696],[2.337277499958873],paricipant 1,1,2025-11-11_19h03.31.385,intentional binding,,2025.1.1,59.70780197,2025-11-11 19h03.44.965161 +0530,,,,,,,,,,,,,,,,,,,
0.1,1000,exp,317,5,26,space,385.844045,None,150,1,[4.063893600017764],[4.063904100097716],26,5,317,6,4049.620695,,4049.608837,4049.620695,4050.61981,4050.61981,4050.61981,4436.471604,space,385.844045,None,4436.473114,4436.571443,4436.887075,4436.87194,4436.872405,4436.887075,4436.887075,4436.887075,4440.951302,150,1,[4.063893600017764],[4.063904100097716],paricipant 1,1,2025-11-11_19h03.31.385,intentional binding,,2025.1.1,59.70780197,2025-11-11 19h03.44.965161 +0530,,,,,,,,,,,,,,,,,,,
0.4,400,unexp,318,6,26,space,73.4648773,None,150,1,[3.501814299961552],[3.501828799955547],26,6,318,1,4440.968488,,4440.951569,4440.968488,4441.952703,4441.952703,4441.970274,4515.420765,space,73.4648773,None,4515.421866,4515.820772,4516.135382,4516.114409,4516.115056,4516.135382,4516.135382,4516.135382,4519.637672,150,1,[3.501814299961552],[3.501828799955547],paricipant 1,1,2025-11-11_19h03.31.385,intentional binding,,2025.1.1,59.70780197,2025-11-11 19h03.44.965161 +0530,,,,,,,,,,,,,,,,,,,
0.7,1000,exp,319,7,26,space,0.7834058,None,300,1,[2.0015578999882564],[2.0015699999639764],26,7,319,5,4519.651645,,4519.638028,4519.651645,4520.651339,4520.651339,4520.651339,4521.451307,space,0.7834058,None,4521.45215,4522.15198,4522.466774,4522.454555,4522.454993,4522.466774,4522.466774,4522.466774,4524.468802,300,1,[2.0015578999882564],[2.0015699999639764],paricipant 1,1,2025-11-11_19h03.31.385,intentional binding,,2025.1.1,59.70780197,2025-11-11 19h03.44.965161 +0530,,,,,,,,,,,,,,,,,,,
0.1,400,unexp,320,8,26,space,0.292379,None,200,1,[2.5507476000348106],[2.5507661000592634],26,8,320,0,4524.482533,,4524.469113,4524.482533,4525.482124,4525.482124,4525.482124,4525.783375,space,0.292379,None,4525.783998,4525.898451,4526.214769,4526.198557,4526.199204,4526.214769,4526.214769,4526.214769,4528.765958,200,1,[2.5507476000348106],[2.5507661000592634],paricipant 1,1,2025-11-11_19h03.31.385,intentional binding,,2025.1.1,59.70780197,2025-11-11 19h03.44.965161 +0530,,,,,,,,,,,,,,,,,,,
0.7,1000,exp,321,9,26,space,0.1269351,None,220,1,[2.6859234999865294],[2.685941700008698],26,9,321,8,4528.78063,,4528.766346,4528.78063,4529.78003,4529.78003,4529.78003,4529.91369,space,0.1269351,None,4529.914544,4530.614017,4530.928134,4530.915014,4530.915934,4530.928134,4530.928134,4530.928134,4533.614589,220,1,[2.6859234999865294],[2.685941700008698],paricipant 1,1,2025-11-11_19h03.31.385,intentional binding,,2025.1.1,59.70780197,2025-11-11 19h03.44.965161 +0530,,,,,,,,,,,,,,,,,,,
0.1,1000,exp,322,10,26,space,0.3643799,None,100,1,[2.185676100081764],[2.1856869000475854],26,10,322,9,4533.62894,,4533.615039,4533.62894,4534.629495,4534.629495,4534.629495,4534.997188,space,0.3643799,None,4534.998232,4535.111403,4535.426148,4535.407442,4535.407862,4535.426148,4535.426148,4535.426148,4537.612136,100,1,[2.185676100081764],[2.1856869000475854],paricipant 1,1,2025-11-11_19h03.31.385,intentional binding,,2025.1.1,59.70780197,2025-11-11 19h03.44.965161 +0530,,,,,,,,,,,,,,,,,,,
0.4,1000,exp,323,11,26,space,0.5766805,None,120,1,[2.367412499967031],[2.367422700044699],26,11,323,4,4537.627373,,4537.612393,4537.627373,4538.629093,4538.629093,4538.629093,4539.210808,space,0.5766805,None,4539.21201,4539.626138,4539.941549,4539.928187,4539.928803,4539.941549,4539.941549,4539.941549,4542.309297,120,1,[2.367412499967031],[2.367422700044699],paricipant 1,1,2025-11-11_19h03.31.385,intentional binding,,2025.1.1,59.70780197,2025-11-11 19h03.44.965161 +0530,,,,,,,,,,,,,,,,,,,
0.7,1000,exp,324,0,27,space,0.2884138,None,300,1,[2.0040641999803483],[2.004084999905899],27,0,324,5,4542.324641,,4542.309551,4542.324641,4543.309126,4543.309126,4543.326273,4543.609055,space,0.2884138,None,4543.610123,4544.323712,4544.639016,4544.623801,4544.624728,4544.639016,4544.639016,4544.639016,4546.643698,300,1,[2.0040641999803483],[2.004084999905899],paricipant 1,1,2025-11-11_19h03.31.385,intentional binding,,2025.1.1,59.70780197,2025-11-11 19h03.44.965161 +0530,,,,,,,,,,,,,,,,,,,
0.1,400,unexp,325,1,27,space,0.7865449,None,200,1,[2.368640000000596],[2.3686485999496654],27,1,325,0,4546.656952,,4546.644156,4546.656952,4547.657359,4547.657359,4547.673243,4548.457081,space,0.7865449,None,4548.458088,4548.556277,4548.870862,4548.857497,4548.858065,4548.870862,4548.870862,4548.870862,4551.2398,200,1,[2.368640000000596],[2.3686485999496654],paricipant 1,1,2025-11-11_19h03.31.385,intentional binding,,2025.1.1,59.70780197,2025-11-11 19h03.44.965161 +0530,,,,,,,,,,,,,,,,,,,
0.4,1000,exp,326,2,27,space,0.3191199,None,400,1,[2.2167607001028955],[2.216770200058818],27,2,326,4,4551.254089,,4551.240033,4551.254089,4552.255319,4552.255319,4552.255319,4552.589298,space,0.3191199,None,4552.590439,4553.004568,4553.336417,4553.306685,4553.307248,4553.336417,4553.336417,4553.336417,4555.55355,400,1,[2.2167607001028955],[2.216770200058818],paricipant 1,1,2025-11-11_19h03.31.385,intentional binding,,2025.1.1,59.70780197,2025-11-11 19h03.44.965161 +0530,,,,,,,,,,,,,,,,,,,
0.7,400,unexp,327,3,27,space,0.3125757,None,500,1,[1.7360018000472337],[1.7360163000412285],27,3,327,2,4555.569432,,4555.553854,4555.569432,4556.55218,4556.55218,4556.56846,4556.870346,space,0.3125757,None,4556.871737,4557.584803,4557.900066,4557.887526,4557.888023,4557.900066,4557.900066,4557.900066,4559.636491,500,1,[1.7360018000472337],[1.7360163000412285],paricipant 1,1,2025-11-11_19h03.31.385,intentional binding,,2025.1.1,59.70780197,2025-11-11 19h03.44.965161 +0530,,,,,,,,,,,,,,,,,,,
0.1,1000,exp,328,4,27,space,0.5512558,None,300,1,[2.2493796999333426],[2.2493965999456123],27,4,328,9,4559.650975,,4559.636876,4559.650975,4560.650644,4560.650644,4560.650644,4561.218654,space,0.5512558,None,4561.219764,4561.319152,4561.65026,4561.632323,4561.63345,4561.65026,4561.65026,4561.65026,4563.900132,300,1,[2.2493796999333426],[2.2493965999456123],paricipant 1,1,2025-11-11_19h03.31.385,intentional binding,,2025.1.1,59.70780197,2025-11-11 19h03.44.965161 +0530,,,,,,,,,,,,,,,,,,,
0.4,1000,exp,329,5,27,space,0.3301673,None,300,1,[2.200114900013432],[2.20012549997773],27,5,329,7,4563.918274,,4563.900496,4563.918274,4564.898687,4564.898687,4564.933375,4565.23375,space,0.3301673,None,4565.235024,4565.633709,4565.963686,4565.936768,4565.937407,4565.963686,4565.963686,4565.963686,4568.164195,300,1,[2.200114900013432],[2.20012549997773],paricipant 1,1,2025-11-11_19h03.31.385,intentional binding,,2025.1.1,59.70780197,2025-11-11 19h03.44.965161 +0530,,,,,,,,,,,,,,,,,,,
0.4,400,unexp,330,6,27,space,0.3054171,None,250,1,[5.650615299935453],[5.650640399893746],27,6,330,1,4568.180239,,4568.164486,4568.180239,4569.163691,4569.163691,4569.181092,4569.481208,space,0.3054171,None,4569.483595,4569.880714,4570.195728,4570.177557,4570.17859,4570.195728,4570.195728,4570.195728,4575.847033,250,1,[5.650615299935453],[5.650640399893746],paricipant 1,1,2025-11-11_19h03.31.385,intentional binding,,2025.1.1,59.70780197,2025-11-11 19h03.44.965161 +0530,,,,,,,,,,,,,,,,,,,
0.4,1000,exp,331,7,27,space,0.775057,None,200,1,[1.8179494999349117],[1.817964999936521],27,7,331,10,4575.860289,,4575.847576,4575.860289,4576.861078,4576.861078,4576.861078,4577.644327,space,0.775057,None,4577.645469,4578.043795,4578.35797,4578.342047,4578.342807,4578.35797,4578.35797,4578.35797,4580.176394,200,1,[1.8179494999349117],[1.817964999936521],paricipant 1,1,2025-11-11_19h03.31.385,intentional binding,,2025.1.1,59.70780197,2025-11-11 19h03.44.965161 +0530,,,,,,,,,,,,,,,,,,,
0.7,1000,exp,332,8,27,space,1.0482256,None,400,1,[2.0172128999838606],[2.017227299977094],27,8,332,8,4580.191724,,4580.17676,4580.191724,4581.175996,4581.175996,4581.190842,4582.226904,space,1.0482256,None,4582.228086,4582.941245,4583.25643,4583.236313,4583.236926,4583.25643,4583.25643,4583.25643,4585.274081,400,1,[2.0172128999838606],[2.017227299977094],paricipant 1,1,2025-11-11_19h03.31.385,intentional binding,,2025.1.1,59.70780197,2025-11-11 19h03.44.965161 +0530,,,,,,,,,,,,,,,,,,,
0.1,1000,exp,333,9,27,space,0.5240694,None,150,1,[2.7696241999510676],[2.769637899938971],27,9,333,3,4585.290253,,4585.274431,4585.290253,4586.27272,4586.27272,4586.289857,4586.80746,space,0.5240694,None,4586.808929,4586.906644,4587.220928,4587.207956,4587.208498,4587.220928,4587.220928,4587.220928,4589.99107,150,1,[2.7696241999510676],[2.769637899938971],paricipant 1,1,2025-11-11_19h03.31.385,intentional binding,,2025.1.1,59.70780197,2025-11-11 19h03.44.965161 +0530,,,,,,,,,,,,,,,,,,,
0.7,1000,exp,334,10,27,space,0.3319275,None,500,1,[2.2511245000641793],[2.2511378000490367],27,10,334,11,4590.004248,,4589.991419,4590.004248,4591.003645,4591.003645,4591.003645,4591.340469,space,0.3319275,None,4591.341573,4592.053586,4592.368677,4592.347723,4592.348296,4592.368677,4592.368677,4592.368677,4594.62026,500,1,[2.2511245000641793],[2.2511378000490367],paricipant 1,1,2025-11-11_19h03.31.385,intentional binding,,2025.1.1,59.70780197,2025-11-11 19h03.44.965161 +0530,,,,,,,,,,,,,,,,,,,
0.1,1000,exp,335,11,27,space,0.356823,None,200,1,[1.9837962999008596],[1.9838207999709994],27,11,335,6,4594.636085,,4594.620603,4594.636085,4595.619601,4595.619601,4595.635962,4595.987482,space,0.356823,None,4595.988641,4596.103226,4596.435483,4596.407205,4596.407777,4596.435483,4596.435483,4596.435483,4598.420024,200,1,[1.9837962999008596],[1.9838207999709994],paricipant 1,1,2025-11-11_19h03.31.385,intentional binding,,2025.1.1,59.70780197,2025-11-11 19h03.44.965161 +0530,,,,,,,,,,,,,,,,,,,
0.4,1000,exp,336,0,28,space,0.3274785,None,400,1,[1.9673577999928966],[1.9673767000203952],28,0,336,4,4598.433762,,4598.420493,4598.433762,4599.433846,4599.433846,4599.433846,4599.767666,space,0.3274785,None,4599.768737,4600.167236,4600.482328,4600.467252,4600.467844,4600.482328,4600.482328,4600.482328,4602.450253,400,1,[1.9673577999928966],[1.9673767000203952],paricipant 1,1,2025-11-11_19h03.31.385,intentional binding,,2025.1.1,59.70780197,2025-11-11 19h03.44.965161 +0530,,,,,,,,,,,,,,,,,,,
0.4,1000,exp,337,1,28,space,0.3911727,None,300,1,[1.9509536999976262],[1.950969299999997],28,1,337,7,4602.466191,,4602.450723,4602.466191,4603.467065,4603.467065,4603.467065,4603.866673,space,0.3911727,None,4603.867685,4604.281354,4604.597085,4604.573781,4604.574291,4604.597085,4604.597085,4604.597085,4606.54856,300,1,[1.9509536999976262],[1.950969299999997],paricipant 1,1,2025-11-11_19h03.31.385,intentional binding,,2025.1.1,59.70780197,2025-11-11 19h03.44.965161 +0530,,,,,,,,,,,,,,,,,,,
0.1,1000,exp,338,2,28,space,0.3266639,None,120,1,[2.267794100102037],[2.267809300101362],28,2,338,9,4606.564432,,4606.548927,4606.564432,4607.547743,4607.547743,4607.564413,4607.88055,space,0.3266639,None,4607.88183,4607.980629,4608.295682,4608.276958,4608.277811,4608.295682,4608.295682,4608.295682,4610.564081,120,1,[2.267794100102037],[2.267809300101362],paricipant 1,1,2025-11-11_19h03.31.385,intentional binding,,2025.1.1,59.70780197,2025-11-11 19h03.44.965161 +0530,,,,,,,,,,,,,,,,,,,
0.1,1000,exp,339,3,28,space,0.4269,None,150,1,[4.8817650999408215],[4.881779699935578],28,3,339,3,4610.578331,,4610.564413,4610.578331,4611.578353,4611.578353,4611.578353,4612.012808,space,0.4269,None,4612.01404,4612.113092,4612.428115,4612.408156,4612.408894,4612.428115,4612.428115,4612.428115,4617.310423,150,1,[4.8817650999408215],[4.881779699935578],paricipant 1,1,2025-11-11_19h03.31.385,intentional binding,,2025.1.1,59.70780197,2025-11-11 19h03.44.965161 +0530,,,,,,,,,,,,,,,,,,,
0.1,1000,exp,340,4,28,space,7.3312136,None,100,1,[1.9680062999250367],[1.9680191999068484],28,4,340,6,4617.326239,,4617.310799,4617.326239,4618.309235,4618.309235,4618.326852,4625.641129,space,7.3312136,None,4625.64211,4625.756316,4626.087663,4626.058203,4626.058785,4626.087663,4626.087663,4626.087663,4628.056142,100,1,[1.9680062999250367],[1.9680191999068484],paricipant 1,1,2025-11-11_19h03.31.385,intentional binding,,2025.1.1,59.70780197,2025-11-11 19h03.44.965161 +0530,,,,,,,,,,,,,,,,,,,
0.7,1000,exp,341,5,28,space,16.6883757,None,150,1,[2.850733899977058],[2.8507439999375492],28,5,341,8,4628.071463,,4628.056488,4628.071463,4629.071598,4629.071598,4629.071598,4645.765074,space,16.6883757,None,4645.766351,4646.465225,4646.796208,4646.766722,4646.767345,4646.796208,4646.796208,4646.796208,4649.64727,150,1,[2.850733899977058],[2.8507439999375492],paricipant 1,1,2025-11-11_19h03.31.385,intentional binding,,2025.1.1,59.70780197,2025-11-11 19h03.44.965161 +0530,,,,,,,,,,,,,,,,,,,
0.7,1000,exp,342,6,28,space,0.5542494,None,400,1,[2.267718099988997],[2.267732899985276],28,6,342,5,4649.661607,,4649.647508,4649.661607,4650.662213,4650.662213,4650.662213,4651.23059,space,0.5542494,None,4651.231663,4651.945418,4652.276492,4652.246179,4652.24692,4652.276492,4652.276492,4652.276492,4654.544686,400,1,[2.267718099988997],[2.267732899985276],paricipant 1,1,2025-11-11_19h03.31.385,intentional binding,,2025.1.1,59.70780197,2025-11-11 19h03.44.965161 +0530,,,,,,,,,,,,,,,,,,,
0.7,400,unexp,343,7,28,space,0.3961354,None,300,1,[2.1846584000159055],[2.184674400021322],28,7,343,2,4654.559414,,4654.545032,4654.559414,4655.559457,4655.559457,4655.559457,4655.961079,space,0.3961354,None,4655.962085,4656.67538,4656.990568,4656.975343,4656.975788,4656.990568,4656.990568,4656.990568,4659.175742,300,1,[2.1846584000159055],[2.184674400021322],paricipant 1,1,2025-11-11_19h03.31.385,intentional binding,,2025.1.1,59.70780197,2025-11-11 19h03.44.965161 +0530,,,,,,,,,,,,,,,,,,,
0.7,1000,exp,344,8,28,space,0.2902617,None,600,1,[7.948253999929875],[7.948271199944429],28,8,344,11,4659.190883,,4659.176136,4659.190883,4660.175725,4660.175725,4660.19109,4660.475653,space,0.2902617,None,4660.476742,4661.190575,4661.505982,4661.488858,4661.490243,4661.505982,4661.505982,4661.505982,4669.454744,600,1,[7.948253999929875],[7.948271199944429],paricipant 1,1,2025-11-11_19h03.31.385,intentional binding,,2025.1.1,59.70780197,2025-11-11 19h03.44.965161 +0530,,,,,,,,,,,,,,,,,,,
0.4,1000,exp,345,9,28,space,0.3410124,None,200,1,[2.2335512000136077],[2.233562499983236],28,9,345,10,4669.470062,,4669.455132,4669.470062,4670.470086,4670.470086,4670.470086,4670.821848,space,0.3410124,None,4670.823136,4671.236407,4671.568461,4671.534568,4671.535425,4671.568461,4671.568461,4671.568461,4673.802398,200,1,[2.2335512000136077],[2.233562499983236],paricipant 1,1,2025-11-11_19h03.31.385,intentional binding,,2025.1.1,59.70780197,2025-11-11 19h03.44.965161 +0530,,,,,,,,,,,,,,,,,,,
0.1,400,unexp,346,10,28,space,120.6247422,None,100,1,[2.333153699990362],[2.3331645999569446],28,10,346,0,4673.818464,,4673.802724,4673.818464,4674.817249,4674.817249,4674.817249,4795.450854,space,120.6247422,None,4795.452444,4795.550144,4795.864994,4795.848859,4795.849502,4795.864994,4795.864994,4795.864994,4798.198545,100,1,[2.333153699990362],[2.3331645999569446],paricipant 1,1,2025-11-11_19h03.31.385,intentional binding,,2025.1.1,59.70780197,2025-11-11 19h03.44.965161 +0530,,,,,,,,,,,,,,,,,,,
0.4,400,unexp,347,11,28,space,0.3319259,None,300,1,[1.834184900042601],[1.8342005000449717],28,11,347,1,4798.214261,,4798.198886,4798.214261,4799.198498,4799.198498,4799.214856,4799.532455,space,0.3319259,None,4799.533786,4799.932413,4800.279695,4800.247101,4800.247926,4800.279695,4800.279695,4800.279695,4802.114354,300,1,[1.834184900042601],[1.8342005000449717],paricipant 1,1,2025-11-11_19h03.31.385,intentional binding,,2025.1.1,59.70780197,2025-11-11 19h03.44.965161 +0530,,,,,,,,,,,,,,,,,,,
0.1,1000,exp,348,0,29,space,0.2647449,None,150,1,[2.9673027999233454],[2.9673208999447525],29,0,348,3,4802.129762,,4802.114728,4802.129762,4803.129781,4803.129781,4803.129781,4803.396426,space,0.2647449,None,4803.397318,4803.495596,4803.811178,4803.795925,4803.796757,4803.811178,4803.811178,4803.811178,4806.77897,150,1,[2.9673027999233454],[2.9673208999447525],paricipant 1,1,2025-11-11_19h03.31.385,intentional binding,,2025.1.1,59.70780197,2025-11-11 19h03.44.965161 +0530,,,,,,,,,,,,,,,,,,,
0.7,1000,exp,349,1,29,space,0.2996932,None,100,1,[2.6168007000815123],[2.6168233000207692],29,1,349,5,4806.794192,,4806.779331,4806.794192,4807.77883,4807.77883,4807.795444,4808.094118,space,0.2996932,None,4808.094975,4808.794695,4809.126055,4809.09627,4809.096829,4809.126055,4809.126055,4809.126055,4811.743954,100,1,[2.6168007000815123],[2.6168233000207692],paricipant 1,1,2025-11-11_19h03.31.385,intentional binding,,2025.1.1,59.70780197,2025-11-11 19h03.44.965161 +0530,,,,,,,,,,,,,,,,,,,
0.7,400,unexp,350,2,29,space,0.3225333,None,500,1,[1.8166216000681743],[1.8166348000522703],29,2,350,2,4811.758591,,4811.744348,4811.758591,4812.744219,4812.744219,4812.760211,4813.076493,space,0.3225333,None,4813.077566,4813.792736,4814.123669,4814.093935,4814.094584,4814.123669,4814.123669,4814.123669,4815.940715,500,1,[1.8166216000681743],[1.8166348000522703],paricipant 1,1,2025-11-11_19h03.31.385,intentional binding,,2025.1.1,59.70780197,2025-11-11 19h03.44.965161 +0530,,,,,,,,,,,,,,,,,,,
0.7,1000,exp,351,3,29,space,0.3150003,None,300,1,[2.0174971000524238],[2.0175133000593632],29,3,351,11,4815.957367,,4815.940979,4815.957367,4816.940835,4816.940835,4816.958178,4817.259711,space,0.3150003,None,4817.260912,4817.974191,4818.288289,4818.274188,4818.27476,4818.288289,4818.288289,4818.288289,4820.306342,300,1,[2.0174971000524238],[2.0175133000593632],paricipant 1,1,2025-11-11_19h03.31.385,intentional binding,,2025.1.1,59.70780197,2025-11-11 19h03.44.965161 +0530,,,,,,,,,,,,,,,,,,,
0.1,400,unexp,352,4,29,space,25.4575471,None,100,1,[2.6836620001122355],[2.6836754000978544],29,4,352,0,4820.321741,,4820.306717,4820.321741,4821.32157,4821.32157,4821.32157,4846.794614,space,25.4575471,None,4846.795559,4846.894401,4847.226248,4847.194731,4847.195452,4847.226248,4847.226248,4847.226248,4849.910457,100,1,[2.6836620001122355],[2.6836754000978544],paricipant 1,1,2025-11-11_19h03.31.385,intentional binding,,2025.1.1,59.70780197,2025-11-11 19h03.44.965161 +0530,,,,,,,,,,,,,,,,,,,
0.4,400,unexp,353,5,29,space,0.3204498,None,300,1,[1.7009765000548214],[1.7009920000564307],29,5,353,1,4849.926269,,4849.910794,4849.926269,4850.908396,4850.908396,4850.942265,4851.243391,space,0.3204498,None,4851.24491,4851.659041,4851.974307,4851.95608,4851.956975,4851.974307,4851.974307,4851.974307,4853.675824,300,1,[1.7009765000548214],[1.7009920000564307],paricipant 1,1,2025-11-11_19h03.31.385,intentional binding,,2025.1.1,59.70780197,2025-11-11 19h03.44.965161 +0530,,,,,,,,,,,,,,,,,,,
0.4,1000,exp,354,6,29,space,0.3000634,None,250,1,[2.6172593999654055],[2.617273799958639],29,6,354,4,4853.690943,,4853.676159,4853.690943,4854.691045,4854.691045,4854.691045,4854.994715,space,0.3000634,None,4854.995749,4855.407165,4855.7222,4855.708205,4855.709003,4855.7222,4855.7222,4855.7222,4858.339957,250,1,[2.6172593999654055],[2.617273799958639],paricipant 1,1,2025-11-11_19h03.31.385,intentional binding,,2025.1.1,59.70780197,2025-11-11 19h03.44.965161 +0530,,,,,,,,,,,,,,,,,,,
0.7,1000,exp,355,7,29,space,0.326666,None,400,1,[1.583667700062506],[1.5836841000709683],29,7,355,8,4858.356031,,4858.340353,4858.356031,4859.356631,4859.356631,4859.356631,4859.689945,space,0.326666,None,4859.690922,4860.404224,4860.720668,4860.704229,4860.704919,4860.720668,4860.720668,4860.720668,4862.304826,400,1,[1.583667700062506],[1.5836841000709683],paricipant 1,1,2025-11-11_19h03.31.385,intentional binding,,2025.1.1,59.70780197,2025-11-11 19h03.44.965161 +0530,,,,,,,,,,,,,,,,,,,
0.4,1000,exp,356,8,29,space,0.703761,None,500,1,[13.678811100078747],[13.678825100068934],29,8,356,7,4862.320275,,4862.305181,4862.320275,4863.304213,4863.304213,4863.321124,4864.020661,space,0.703761,None,4864.02229,4864.420378,4864.73508,4864.716241,4864.717515,4864.73508,4864.73508,4864.73508,4878.414305,500,1,[13.678811100078747],[13.678825100068934],paricipant 1,1,2025-11-11_19h03.31.385,intentional binding,,2025.1.1,59.70780197,2025-11-11 19h03.44.965161 +0530,,,,,,,,,,,,,,,,,,,
0.1,1000,exp,357,9,29,space,0.2946022,None,300,1,[2.067204700084403],[2.0672231999924406],29,9,357,6,4878.429551,,4878.414629,4878.429551,4879.41336,4879.41336,4879.429996,4879.714141,space,0.2946022,None,4879.715241,4879.813785,4880.128015,4880.108044,4880.10882,4880.128015,4880.128015,4880.128015,4882.195623,300,1,[2.067204700084403],[2.0672231999924406],paricipant 1,1,2025-11-11_19h03.31.385,intentional binding,,2025.1.1,59.70780197,2025-11-11 19h03.44.965161 +0530,,,,,,,,,,,,,,,,,,,
0.4,1000,exp,358,10,29,space,0.3135183,None,150,1,[2.4184318999759853],[2.4184413999319077],29,10,358,10,4882.211973,,4882.195899,4882.211973,4883.211949,4883.211949,4883.211949,4883.530168,space,0.3135183,None,4883.531731,4883.943808,4884.259585,4884.243587,4884.244161,4884.259585,4884.259585,4884.259585,4886.678398,150,1,[2.4184318999759853],[2.4184413999319077],paricipant 1,1,2025-11-11_19h03.31.385,intentional binding,,2025.1.1,59.70780197,2025-11-11 19h03.44.965161 +0530,,,,,,,,,,,,,,,,,,,
0.1,1000,exp,359,11,29,space,0.3147305,None,200,1,[1.9991319000255316],[1.9991403999738395],29,11,359,9,4886.692625,,4886.678657,4886.692625,4887.69334,4887.69334,4887.69334,4888.010984,space,0.3147305,None,4888.012033,4888.110155,4888.424749,4888.407954,4888.408615,4888.424749,4888.424749,4888.424749,4890.424204,200,1,[1.9991319000255316],[1.9991403999738395],paricipant 1,1,2025-11-11_19h03.31.385,intentional binding,,2025.1.1,59.70780197,2025-11-11 19h03.44.965161 +0530,,,,,,,,,,,,,,,,,,,
0.7,1000,exp,360,0,30,space,0.2610123,None,300,1,[1.534823799971491],[1.5348372999578714],30,0,360,8,4890.44148,,4890.424451,4890.44148,4891.425436,4891.425436,4891.441087,4891.691442,space,0.2610123,None,4891.692273,4892.392119,4892.70718,4892.691416,4892.692131,4892.70718,4892.70718,4892.70718,4894.242495,300,1,[1.534823799971491],[1.5348372999578714],paricipant 1,1,2025-11-11_19h03.31.385,intentional binding,,2025.1.1,59.70780197,2025-11-11 19h03.44.965161 +0530,,,,,,,,,,,,,,,,,,,
0.7,400,unexp,361,1,30,space,0.3129152,None,120,1,[3.5337565999943763],[3.53377169999294],30,1,361,2,4894.256064,,4894.242828,4894.256064,4895.257225,4895.257225,4895.257225,4895.574524,space,0.3129152,None,4895.575486,4896.273999,4896.604861,4896.577727,4896.578288,4896.604861,4896.604861,4896.604861,4900.139153,120,1,[3.5337565999943763],[3.53377169999294],paricipant 1,1,2025-11-11_19h03.31.385,intentional binding,,2025.1.1,59.70780197,2025-11-11 19h03.44.965161 +0530,,,,,,,,,,,,,,,,,,,
0.1,1000,exp,362,2,30,space,0.3272317,None,300,1,[2.2509839000413194],[2.250998300034553],30,2,362,6,4900.154002,,4900.139527,4900.154002,4901.153807,4901.153807,4901.153807,4901.488039,space,0.3272317,None,4901.489281,4901.587612,4901.903089,4901.883946,4901.884794,4901.903089,4901.903089,4901.903089,4904.154663,300,1,[2.2509839000413194],[2.250998300034553],paricipant 1,1,2025-11-11_19h03.31.385,intentional binding,,2025.1.1,59.70780197,2025-11-11 19h03.44.965161 +0530,,,,,,,,,,,,,,,,,,,
0.4,1000,exp,363,3,30,space,0.2965933,None,300,1,[1.7682543999981135],[1.7682684999890625],30,3,363,10,4904.168948,,4904.155002,4904.168948,4905.17011,4905.17011,4905.17011,4905.470456,space,0.2965933,None,4905.471369,4905.870217,4906.184253,4906.169291,4906.169944,4906.184253,4906.184253,4906.184253,4907.953055,300,1,[1.7682543999981135],[1.7682684999890625],paricipant 1,1,2025-11-11_19h03.31.385,intentional binding,,2025.1.1,59.70780197,2025-11-11 19h03.44.965161 +0530,,,,,,,,,,,,,,,,,,,
0.4,1000,exp,364,4,30,space,0.4922324,None,200,1,[2.3161338000791147],[2.3161532001104206],30,4,364,4,4907.967562,,4907.953372,4907.967562,4908.967779,4908.967779,4908.967779,4909.468311,space,0.4922324,None,4909.469265,4909.88486,4910.216501,4910.199133,4910.199788,4910.216501,4910.216501,4910.216501,4912.533509,200,1,[2.3161338000791147],[2.3161532001104206],paricipant 1,1,2025-11-11_19h03.31.385,intentional binding,,2025.1.1,59.70780197,2025-11-11 19h03.44.965161 +0530,,,,,,,,,,,,,,,,,,,
0.7,1000,exp,365,5,30,space,0.8181834,None,200,1,[3.1015042999060825],[3.1015181998955086],30,5,365,5,4912.548899,,4912.533885,4912.548899,4913.531711,4913.531711,4913.548655,4914.350692,space,0.8181834,None,4914.35196,4915.065029,4915.379216,4915.365377,4915.366113,4915.379216,4915.379216,4915.379216,4918.481278,200,1,[3.1015042999060825],[3.1015181998955086],paricipant 1,1,2025-11-11_19h03.31.385,intentional binding,,2025.1.1,59.70780197,2025-11-11 19h03.44.965161 +0530,,,,,,,,,,,,,,,,,,,
0.1,1000,exp,366,6,30,space,0.3324432,None,100,1,[2.0687767000636086],[2.0687890000408515],30,6,366,3,4918.496654,,4918.481687,4918.496654,4919.496567,4919.496567,4919.496567,4919.830676,space,0.3324432,None,4919.831635,4919.929967,4920.260799,4920.231371,4920.232047,4920.260799,4920.260799,4920.260799,4922.330045,100,1,[2.0687767000636086],[2.0687890000408515],paricipant 1,1,2025-11-11_19h03.31.385,intentional binding,,2025.1.1,59.70780197,2025-11-11 19h03.44.965161 +0530,,,,,,,,,,,,,,,,,,,
0.1,400,unexp,367,7,30,space,0.3124721,None,200,1,[2.567791900015436],[2.5678072000155225],30,7,367,0,4922.344484,,4922.330408,4922.344484,4923.34569,4923.34569,4923.34569,4923.663757,space,0.3124721,None,4923.665053,4923.777981,4924.1093,4924.079997,4924.08065,4924.1093,4924.1093,4924.1093,4926.677618,200,1,[2.567791900015436],[2.5678072000155225],paricipant 1,1,2025-11-11_19h03.31.385,intentional binding,,2025.1.1,59.70780197,2025-11-11 19h03.44.965161 +0530,,,,,,,,,,,,,,,,,,,
0.4,1000,exp,368,8,30,space,0.2798701,None,350,1,[2.2177825000835583],[2.2177960000699386],30,8,368,7,4926.692857,,4926.677991,4926.692857,4927.692515,4927.692515,4927.692515,4927.977271,space,0.2798701,None,4927.978555,4928.376869,4928.691793,4928.67675,4928.677544,4928.691793,4928.691793,4928.691793,4930.910052,350,1,[2.2177825000835583],[2.2177960000699386],paricipant 1,1,2025-11-11_19h03.31.385,intentional binding,,2025.1.1,59.70780197,2025-11-11 19h03.44.965161 +0530,,,,,,,,,,,,,,,,,,,
0.1,1000,exp,369,9,30,space,1.4560989,None,200,1,[3.1837282000342384],[3.183745100046508],30,9,369,9,4930.924523,,4930.910403,4930.924523,4931.924037,4931.924037,4931.924037,4933.39071,space,1.4560989,None,4933.39222,4933.490186,4933.805594,4933.785957,4933.786722,4933.805594,4933.805594,4933.805594,4936.989786,200,1,[3.1837282000342384],[3.183745100046508],paricipant 1,1,2025-11-11_19h03.31.385,intentional binding,,2025.1.1,59.70780197,2025-11-11 19h03.44.965161 +0530,,,,,,,,,,,,,,,,,,,
0.7,1000,exp,370,10,30,space,64.6895321,None,200,1,[45.7487610001117],[45.74877610011026],30,10,370,11,4937.004716,,4936.990149,4937.004716,4938.004561,4938.004561,4938.004561,5002.695219,space,64.6895321,None,5002.696218,5003.410298,5003.725048,5003.707204,5003.708646,5003.725048,5003.725048,5003.725048,5049.474303,200,1,[45.7487610001117],[45.74877610011026],paricipant 1,1,2025-11-11_19h03.31.385,intentional binding,,2025.1.1,59.70780197,2025-11-11 19h03.44.965161 +0530,,,,,,,,,,,,,,,,,,,
0.4,400,unexp,371,11,30,space,0.536919,None,100,1,[28.473675099899992],[28.47368799999822],30,11,371,1,5049.489754,,5049.474744,5049.489754,5050.473556,5050.473556,5050.489674,5051.024722,space,0.536919,None,5051.02588,5051.440433,5051.770983,5051.74272,5051.743658,5051.770983,5051.770983,5051.770983,5080.24513,100,1,[28.473675099899992],[28.47368799999822],paricipant 1,1,2025-11-11_19h03.31.385,intentional binding,,2025.1.1,59.70780197,2025-11-11 19h03.44.965161 +0530,,,,,,,,,,,,,,,,,,,
0.4,1000,exp,372,0,31,space,0.3599184,None,200,1,[2.6019094000803307],[2.6019224000629038],31,0,372,10,5080.259105,,5080.245502,5080.259105,5081.259624,5081.259624,5081.259624,5081.627732,space,0.3599184,None,5081.6288,5082.04327,5082.374539,5082.345563,5082.346284,5082.374539,5082.374539,5082.374539,5084.976992,200,1,[2.6019094000803307],[2.6019224000629038],paricipant 1,1,2025-11-11_19h03.31.385,intentional binding,,2025.1.1,59.70780197,2025-11-11 19h03.44.965161 +0530,,,,,,,,,,,,,,,,,,,
0.4,1000,exp,373,1,31,space,4.7291355,None,300,1,[2.5000189000274986],[2.5000285001005977],31,1,373,7,5084.991174,,5084.977403,5084.991174,5085.99081,5085.99081,5085.99081,5090.724335,space,4.7291355,None,5090.725505,5091.139134,5091.453825,5091.438388,5091.439301,5091.453825,5091.453825,5091.453825,5093.954186,300,1,[2.5000189000274986],[2.5000285001005977],paricipant 1,1,2025-11-11_19h03.31.385,intentional binding,,2025.1.1,59.70780197,2025-11-11 19h03.44.965161 +0530,,,,,,,,,,,,,,,,,,,
0.1,1000,exp,374,2,31,space,0.9911368,None,100,1,[1.884030400076881],[1.8840452000731602],31,2,374,3,5093.970595,,5093.954507,5093.970595,5094.955759,5094.955759,5094.971202,5095.954636,space,0.9911368,None,5095.955756,5096.054016,5096.368544,5096.348696,5096.349518,5096.368544,5096.368544,5096.368544,5098.25369,100,1,[1.884030400076881],[1.8840452000731602],paricipant 1,1,2025-11-11_19h03.31.385,intentional binding,,2025.1.1,59.70780197,2025-11-11 19h03.44.965161 +0530,,,,,,,,,,,,,,,,,,,
0.4,400,unexp,375,3,31,space,0.3397559,None,300,1,[1.8161789000732824],[1.8161942000733688],31,3,375,1,5098.268682,,5098.254068,5098.268682,5099.2691,5099.2691,5099.2691,5099.619275,space,0.3397559,None,5099.620255,5100.036251,5100.367662,5100.351161,5100.351922,5100.367662,5100.367662,5100.367662,5102.184284,300,1,[1.8161789000732824],[1.8161942000733688],paricipant 1,1,2025-11-11_19h03.31.385,intentional binding,,2025.1.1,59.70780197,2025-11-11 19h03.44.965161 +0530,,,,,,,,,,,,,,,,,,,
0.7,1000,exp,376,4,31,space,0.2904827,None,100,1,[3.7338744000298902],[3.7338888000231236],31,4,376,5,5102.200334,,5102.184653,5102.200334,5103.184044,5103.184044,5103.201113,5103.484638,space,0.2904827,None,5103.485873,5104.199682,5104.515038,5104.49675,5104.497933,5104.515038,5104.515038,5104.515038,5108.249443,100,1,[3.7338744000298902],[3.7338888000231236],paricipant 1,1,2025-11-11_19h03.31.385,intentional binding,,2025.1.1,59.70780197,2025-11-11 19h03.44.965161 +0530,,,,,,,,,,,,,,,,,,,
0.1,400,unexp,377,5,31,space,0.3132663,None,100,1,[2.017223000060767],[2.0172345000319183],31,5,377,0,5108.264403,,5108.249756,5108.264403,5109.247909,5109.247909,5109.264069,5109.565194,space,0.3132663,None,5109.566124,5109.680384,5109.995627,5109.976472,5109.977514,5109.995627,5109.995627,5109.995627,5112.013282,100,1,[2.017223000060767],[2.0172345000319183],paricipant 1,1,2025-11-11_19h03.31.385,intentional binding,,2025.1.1,59.70780197,2025-11-11 19h03.44.965161 +0530,,,,,,,,,,,,,,,,,,,
0.4,1000,exp,378,6,31,space,0.2599827,None,200,1,[1.5349593999562785],[1.5349739999510348],31,6,378,4,5112.029622,,5112.013636,5112.029622,5113.012498,5113.012498,5113.030004,5113.280165,space,0.2599827,None,5113.281156,5113.679598,5113.994179,5113.975472,5113.976297,5113.994179,5113.994179,5113.994179,5115.529601,200,1,[1.5349593999562785],[1.5349739999510348],paricipant 1,1,2025-11-11_19h03.31.385,intentional binding,,2025.1.1,59.70780197,2025-11-11 19h03.44.965161 +0530,,,,,,,,,,,,,,,,,,,
0.7,1000,exp,379,7,31,space,0.4064217,None,300,1,[2.2172525000059977],[2.2172685000114143],31,7,379,11,5115.544653,,5115.529971,5115.544653,5116.54456,5116.54456,5116.54456,5116.960727,space,0.4064217,None,5116.961729,5117.660672,5117.975971,5117.95516,5117.955913,5117.975971,5117.975971,5117.975971,5120.193795,300,1,[2.2172525000059977],[2.2172685000114143],paricipant 1,1,2025-11-11_19h03.31.385,intentional binding,,2025.1.1,59.70780197,2025-11-11 19h03.44.965161 +0530,,,,,,,,,,,,,,,,,,,
0.7,400,unexp,380,8,31,space,0.2765491,None,400,1,[1.950060399947688],[1.9500737999333069],31,8,380,2,5120.209315,,5120.194153,5120.209315,5121.209352,5121.209352,5121.209352,5121.493237,space,0.2765491,None,5121.494662,5122.195305,5122.525863,5122.508406,5122.509096,5122.525863,5122.525863,5122.525863,5124.476434,400,1,[1.950060399947688],[1.9500737999333069],paricipant 1,1,2025-11-11_19h03.31.385,intentional binding,,2025.1.1,59.70780197,2025-11-11 19h03.44.965161 +0530,,,,,,,,,,,,,,,,,,,
0.1,1000,exp,381,9,31,space,0.3028378,None,100,1,[2.0186427999287844],[2.018658999935724],31,9,381,6,5124.490091,,5124.476723,5124.490091,5125.490919,5125.490919,5125.490919,5125.808306,space,0.3028378,None,5125.809329,5125.907809,5126.221415,5126.208116,5126.208723,5126.221415,5126.221415,5126.221415,5128.240552,100,1,[2.0186427999287844],[2.018658999935724],paricipant 1,1,2025-11-11_19h03.31.385,intentional binding,,2025.1.1,59.70780197,2025-11-11 19h03.44.965161 +0530,,,,,,,,,,,,,,,,,,,
0.1,1000,exp,382,10,31,space,0.3068496,None,100,1,[2.0171605999348685],[2.017176799941808],31,10,382,9,5128.255992,,5128.240922,5128.255992,5129.256773,5129.256773,5129.256773,5129.572825,space,0.3068496,None,5129.574277,5129.673422,5129.987579,5129.967267,5129.96813,5129.987579,5129.987579,5129.987579,5132.005231,100,1,[2.0171605999348685],[2.017176799941808],paricipant 1,1,2025-11-11_19h03.31.385,intentional binding,,2025.1.1,59.70780197,2025-11-11 19h03.44.965161 +0530,,,,,,,,,,,,,,,,,,,
0.7,1000,exp,383,11,31,space,0.2675362,None,100,1,[2.2853506999090314],[2.2853750999784097],31,11,383,8,5132.020694,,5132.005611,5132.020694,5133.004033,5133.004033,5133.020691,5133.272195,space,0.2675362,None,5133.273507,5133.986967,5134.319169,5134.289169,5134.289855,5134.319169,5134.319169,5134.319169,5136.605261,100,1,[2.2853506999090314],[2.2853750999784097],paricipant 1,1,2025-11-11_19h03.31.385,intentional binding,,2025.1.1,59.70780197,2025-11-11 19h03.44.965161 +0530,,,,,,,,,,,,,,,,,,,
0.1,1000,exp,384,0,32,space,20.1513206,None,100,1,[3.351253899978474],[3.351268299971707],32,0,384,3,5136.61916,,5136.605713,5136.61916,5137.619164,5137.619164,5137.619164,5157.777423,space,20.1513206,None,5157.778502,5157.87718,5158.191107,5158.178537,5158.179117,5158.191107,5158.191107,5158.191107,5161.542886,100,1,[3.351253899978474],[3.351268299971707],paricipant 1,1,2025-11-11_19h03.31.385,intentional binding,,2025.1.1,59.70780197,2025-11-11 19h03.44.965161 +0530,,,,,,,,,,,,,,,,,,,
0.4,400,unexp,385,1,32,space,7.1488637,None,200,1,[4.3017336000921205],[4.301747800083831],32,1,385,1,5161.558325,,5161.543808,5161.558325,5162.558851,5162.558851,5162.558851,5169.722362,space,7.1488637,None,5169.723807,5170.122877,5170.436775,5170.418336,5170.419213,5170.436775,5170.436775,5170.436775,5174.738964,200,1,[4.3017336000921205],[4.301747800083831],paricipant 1,1,2025-11-11_19h03.31.385,intentional binding,,2025.1.1,59.70780197,2025-11-11 19h03.44.965161 +0530,,,,,,,,,,,,,,,,,,,
0.1,1000,exp,386,2,32,space,2.4107203,None,100,1,[2.1531887999735773],[2.1532049999805167],32,2,386,9,5174.751801,,5174.739297,5174.751801,5175.75323,5175.75323,5175.75323,5178.169147,space,2.4107203,None,5178.17026,5178.268426,5178.599248,5178.570778,5178.571311,5178.599248,5178.599248,5178.599248,5180.752918,100,1,[2.1531887999735773],[2.1532049999805167],paricipant 1,1,2025-11-11_19h03.31.385,intentional binding,,2025.1.1,59.70780197,2025-11-11 19h03.44.965161 +0530,,,,,,,,,,,,,,,,,,,
0.4,1000,exp,387,3,32,space,0.2731022,None,100,1,[3.718924199929461],[3.718938099918887],32,3,387,7,5180.765769,,5180.75347,5180.765769,5181.766532,5181.766532,5181.766532,5182.05024,space,0.2731022,None,5182.051322,5182.449883,5182.764549,5182.746333,5182.747054,5182.764549,5182.764549,5182.764549,5186.483935,100,1,[3.718924199929461],[3.718938099918887],paricipant 1,1,2025-11-11_19h03.31.385,intentional binding,,2025.1.1,59.70780197,2025-11-11 19h03.44.965161 +0530,,,,,,,,,,,,,,,,,,,
0.7,400,unexp,388,4,32,space,1.2826961,None,300,1,[2.2850908000255004],[2.2851049000164494],32,4,388,2,5186.49741,,5186.484243,5186.49741,5187.497344,5187.497344,5187.497344,5188.781345,space,1.2826961,None,5188.78262,5189.495913,5189.811444,5189.79441,5189.795234,5189.811444,5189.811444,5189.811444,5192.097039,300,1,[2.2850908000255004],[2.2851049000164494],paricipant 1,1,2025-11-11_19h03.31.385,intentional binding,,2025.1.1,59.70780197,2025-11-11 19h03.44.965161 +0530,,,,,,,,,,,,,,,,,,,
0.7,1000,exp,389,5,32,space,0.6339693,None,300,1,[2.0336880000540987],[2.0337045999476686],32,5,389,8,5192.111491,,5192.097417,5192.111491,5193.111473,5193.111473,5193.111473,5193.746661,space,0.6339693,None,5193.747946,5194.461496,5194.776244,5194.756703,5194.757474,5194.776244,5194.776244,5194.776244,5196.810441,300,1,[2.0336880000540987],[2.0337045999476686],paricipant 1,1,2025-11-11_19h03.31.385,intentional binding,,2025.1.1,59.70780197,2025-11-11 19h03.44.965161 +0530,,,,,,,,,,,,,,,,,,,
0.7,1000,exp,390,6,32,space,0.3796657,None,400,1,[1.7857787000248209],[1.7857920000096783],32,6,390,11,5196.826005,,5196.810844,5196.826005,5197.809265,5197.809265,5197.827201,5198.193785,space,0.3796657,None,5198.194817,5198.892967,5199.206971,5199.189694,5199.190501,5199.206971,5199.206971,5199.206971,5200.993304,400,1,[1.7857787000248209],[1.7857920000096783],paricipant 1,1,2025-11-11_19h03.31.385,intentional binding,,2025.1.1,59.70780197,2025-11-11 19h03.44.965161 +0530,,,,,,,,,,,,,,,,,,,
0.1,400,unexp,391,7,32,space,0.4005299,None,200,1,[2.382227399968542],[2.3822388999396935],32,7,391,0,5201.007782,,5200.993797,5201.007782,5202.008341,5202.008341,5202.008341,5202.424103,space,0.4005299,None,5202.424983,5202.523944,5202.840102,5202.817962,5202.818606,5202.840102,5202.840102,5202.840102,5205.22273,200,1,[2.382227399968542],[2.3822388999396935],paricipant 1,1,2025-11-11_19h03.31.385,intentional binding,,2025.1.1,59.70780197,2025-11-11 19h03.44.965161 +0530,,,,,,,,,,,,,,,,,,,
0.1,1000,exp,392,8,32,space,0.400492,None,400,1,[1.900597900035791],[1.9006121000275016],32,8,392,6,5205.238859,,5205.223015,5205.238859,5206.222925,5206.222925,5206.239971,5206.639287,space,0.400492,None,5206.640423,5206.739253,5207.070992,5207.040006,5207.040719,5207.070992,5207.070992,5207.070992,5208.972103,400,1,[1.900597900035791],[1.9006121000275016],paricipant 1,1,2025-11-11_19h03.31.385,intentional binding,,2025.1.1,59.70780197,2025-11-11 19h03.44.965161 +0530,,,,,,,,,,,,,,,,,,,
0.7,1000,exp,393,9,32,space,0.14236,None,300,1,[1.7350510000251234],[1.735065000015311],32,9,393,5,5208.987444,,5208.972475,5208.987444,5209.987619,5209.987619,5209.987619,5210.138488,space,0.14236,None,5210.139437,5210.853201,5211.169173,5211.152877,5211.153654,5211.169173,5211.169173,5211.169173,5212.904746,300,1,[1.7350510000251234],[1.735065000015311],paricipant 1,1,2025-11-11_19h03.31.385,intentional binding,,2025.1.1,59.70780197,2025-11-11 19h03.44.965161 +0530,,,,,,,,,,,,,,,,,,,
0.4,1000,exp,394,10,32,space,0.7047476,None,200,1,[1.7007701999973506],[1.7007832999806851],32,10,394,10,5212.91937,,5212.905075,5212.91937,5213.92034,5213.92034,5213.92034,5214.636348,space,0.7047476,None,5214.637455,5215.053344,5215.367587,5215.348538,5215.349674,5215.367587,5215.367587,5215.367587,5217.068846,200,1,[1.7007701999973506],[1.7007832999806851],paricipant 1,1,2025-11-11_19h03.31.385,intentional binding,,2025.1.1,59.70780197,2025-11-11 19h03.44.965161 +0530,,,,,,,,,,,,,,,,,,,
0.4,1000,exp,395,11,32,space,0.3422915,None,400,1,[1.9822361000115052],[1.9822490999940783],32,11,395,4,5217.084041,,5217.06922,5217.084041,5218.084205,5218.084205,5218.084205,5218.434221,space,0.3422915,None,5218.4352,5218.835669,5219.182654,5219.149414,5219.150149,5219.182654,5219.182654,5219.182654,5221.165282,400,1,[1.9822361000115052],[1.9822490999940783],paricipant 1,1,2025-11-11_19h03.31.385,intentional binding,,2025.1.1,59.70780197,2025-11-11 19h03.44.965161 +0530,,,,,,,,,,,,,,,,,,,
